-- phpMyAdmin SQL Dump
-- version 5.2.1
-- https://www.phpmyadmin.net/
--
-- Host: 127.0.0.1
-- Generation Time: Mar 09, 2025 at 09:26 AM
-- Server version: 10.4.32-MariaDB
-- PHP Version: 8.2.12

SET SQL_MODE = "NO_AUTO_VALUE_ON_ZERO";
START TRANSACTION;
SET time_zone = "+00:00";


/*!40101 SET @OLD_CHARACTER_SET_CLIENT=@@CHARACTER_SET_CLIENT */;
/*!40101 SET @OLD_CHARACTER_SET_RESULTS=@@CHARACTER_SET_RESULTS */;
/*!40101 SET @OLD_COLLATION_CONNECTION=@@COLLATION_CONNECTION */;
/*!40101 SET NAMES utf8mb4 */;

--
-- Database: `tracnghiem`
--

-- --------------------------------------------------------

--
-- Table structure for table `answers`
--

CREATE TABLE `answers` (
  `awID` int(11) NOT NULL,
  `qID` int(11) NOT NULL COMMENT 'id câu hỏi',
  `awContent` text NOT NULL,
  `awPictures` text NOT NULL COMMENT 'url ảnh',
  `isRight` tinyint(4) NOT NULL COMMENT '1: đúng; 0: Sai',
  `awStatus` tinyint(4) NOT NULL COMMENT '1: active; 0: hidden'
) ENGINE=InnoDB DEFAULT CHARSET=utf8mb4 COLLATE=utf8mb4_unicode_ci;

--
-- Dumping data for table `answers`
--

INSERT INTO `answers` (`awID`, `qID`, `awContent`, `awPictures`, `isRight`, `awStatus`) VALUES
(1, 1, '2', '', 1, 1),
(2, 1, '3', '', 0, 1),
(3, 1, '4', '', 0, 1),
(4, 1, '1', '', 0, 1),
(5, 2, '5', '', 1, 1),
(6, 2, '6', '', 0, 1),
(7, 2, '4', '', 0, 1),
(8, 2, '7', '', 0, 1),
(9, 3, '3', '', 1, 1),
(10, 3, '2', '', 0, 1),
(11, 3, '4', '', 0, 1),
(12, 3, '5', '', 0, 1),
(13, 4, '6', '', 1, 1),
(14, 4, '5', '', 0, 1),
(15, 4, '7', '', 0, 1),
(16, 4, '8', '', 0, 1),
(17, 5, '5', '', 1, 1),
(18, 5, '4', '', 0, 1),
(19, 5, '6', '', 0, 1),
(20, 5, '2', '', 0, 1),
(21, 6, '9', '', 1, 1),
(22, 6, '8', '', 0, 1),
(23, 6, '10', '', 0, 1),
(24, 6, '7', '', 0, 1),
(25, 7, '4', '', 1, 1),
(26, 7, '3', '', 0, 1),
(27, 7, '5', '', 0, 1),
(28, 7, '6', '', 0, 1),
(29, 8, '6', '', 1, 1),
(30, 8, '5', '', 0, 1),
(31, 8, '7', '', 0, 1),
(32, 8, '4', '', 0, 1),
(33, 9, '4', '', 1, 1),
(34, 9, '3', '', 0, 1),
(35, 9, '5', '', 0, 1),
(36, 9, '6', '', 0, 1),
(37, 10, '10', '', 1, 1),
(38, 10, '9', '', 0, 1),
(39, 10, '11', '', 0, 1),
(40, 10, '8', '', 0, 1),
(41, 11, '8', '', 1, 1),
(42, 11, '7', '', 0, 1),
(43, 11, '9', '', 0, 1),
(44, 11, '6', '', 0, 1),
(45, 12, '10', '', 1, 1),
(46, 12, '9', '', 0, 1),
(47, 12, '11', '', 0, 1),
(48, 12, '8', '', 0, 1),
(49, 13, '9', '', 1, 1),
(50, 13, '8', '', 0, 1),
(51, 13, '10', '', 0, 1),
(52, 13, '7', '', 0, 1),
(53, 14, '4', '', 1, 1),
(54, 14, '3', '', 0, 1),
(55, 14, '5', '', 0, 1),
(56, 14, '6', '', 0, 1),
(57, 15, '9', '', 1, 1),
(58, 15, '8', '', 0, 1),
(59, 15, '10', '', 0, 1),
(60, 15, '7', '', 0, 1),
(61, 16, '5', '', 1, 1),
(62, 16, '4', '', 0, 1),
(63, 16, '6', '', 0, 1),
(64, 16, '10', '', 0, 1),
(65, 17, '9π cm²', '', 1, 1),
(66, 17, '6π cm²', '', 0, 1),
(67, 17, '12π cm²', '', 0, 1),
(68, 17, '3π cm²', '', 0, 1),
(69, 18, '6', '', 1, 1),
(70, 18, '5', '', 0, 1),
(71, 18, '7', '', 0, 1),
(72, 18, '8', '', 0, 1),
(73, 19, '20 cm', '', 1, 1),
(74, 19, '25 cm', '', 0, 1),
(75, 19, '15 cm', '', 0, 1),
(76, 19, '10 cm', '', 0, 1),
(77, 20, '5', '', 1, 1),
(78, 20, '4', '', 0, 1),
(79, 20, '6', '', 0, 1),
(80, 20, '15', '', 0, 1),
(81, 21, '30', '', 1, 1),
(82, 21, '25', '', 0, 1),
(83, 21, '35', '', 0, 1),
(84, 21, '20', '', 0, 1),
(85, 22, '8', '', 1, 1),
(86, 22, '7', '', 0, 1),
(87, 22, '9', '', 0, 1),
(88, 22, '6', '', 0, 1),
(89, 23, '12 cm²', '', 1, 1),
(90, 23, '10 cm²', '', 0, 1),
(91, 23, '14 cm²', '', 0, 1),
(92, 23, '8 cm²', '', 0, 1),
(93, 24, '4', '', 1, 1),
(94, 24, '3', '', 0, 1),
(95, 24, '5', '', 0, 1),
(96, 24, '6', '', 0, 1),
(97, 25, '26 cm', '', 1, 1),
(98, 25, '24 cm', '', 0, 1),
(99, 25, '28 cm', '', 0, 1),
(100, 25, '22 cm', '', 0, 1),
(101, 26, 'x = 2, y = 1', '', 1, 1),
(102, 26, 'x = 1, y = 2', '', 0, 1),
(103, 26, 'x = 3, y = -1', '', 0, 1),
(104, 26, 'x = 0, y = 5', '', 0, 1),
(105, 27, '2x + 3', '', 1, 1),
(106, 27, 'x + 3', '', 0, 1),
(107, 27, '2x + 1', '', 0, 1),
(108, 27, 'x^2 + 3', '', 0, 1),
(109, 28, 'x = 2, x = 3', '', 1, 1),
(110, 28, 'x = 1, x = 4', '', 0, 1),
(111, 28, 'x = 0, x = 5', '', 0, 1),
(112, 28, 'x = -2, x = -3', '', 0, 1),
(113, 29, '6', '', 1, 1),
(114, 29, '5', '', 0, 1),
(115, 29, '7', '', 0, 1),
(116, 29, '8', '', 0, 1),
(117, 30, 'x = 2, x = -2', '', 1, 1),
(118, 30, 'x = 1, x = -1', '', 0, 1),
(119, 30, 'x = 3, x = -3', '', 0, 1),
(120, 30, 'x = 0', '', 0, 1),
(121, 31, 'Newton (N)', '', 1, 1),
(122, 31, 'Joule (J)', '', 0, 1),
(123, 31, 'Watt (W)', '', 0, 1),
(124, 31, 'Pascal (Pa)', '', 0, 1),
(125, 32, 'v = s/t', '', 1, 1),
(126, 32, 'v = F/m', '', 0, 1),
(127, 32, 'v = P/t', '', 0, 1),
(128, 32, 'v = a/t', '', 0, 1),
(129, 33, 'Hướng xuống dưới', '', 1, 1),
(130, 33, 'Hướng lên trên', '', 0, 1),
(131, 33, 'Hướng ngang', '', 0, 1),
(132, 33, 'Không có hướng', '', 0, 1),
(133, 34, 'Joule (J)', '', 1, 1),
(134, 34, 'Newton (N)', '', 0, 1),
(135, 34, 'Watt (W)', '', 0, 1),
(136, 34, 'Pascal (Pa)', '', 0, 1),
(137, 35, '1', '', 1, 1),
(138, 35, '2', '', 0, 1),
(139, 35, '0.5', '', 0, 1),
(140, 35, '10', '', 0, 1),
(141, 36, 'a = F/m', '', 1, 1),
(142, 36, 'a = v/t', '', 0, 1),
(143, 36, 'a = s/t', '', 0, 1),
(144, 36, 'a = P/F', '', 0, 1),
(145, 37, 'Vật đứng yên nếu không chịu lực', '', 1, 1),
(146, 37, 'Vật chuyển động khi có lực', '', 0, 1),
(147, 37, 'Lực tỷ lệ với gia tốc', '', 0, 1),
(148, 37, 'Công tỷ lệ với thời gian', '', 0, 1),
(149, 38, 'Lực trên một đơn vị diện tích', '', 1, 1),
(150, 38, 'Độ lớn của lực', '', 0, 1),
(151, 38, 'Tỷ lệ vận tốc', '', 0, 1),
(152, 38, 'Gia tốc của vật', '', 0, 1),
(153, 39, 'Joule (J)', '', 1, 1),
(154, 39, 'Newton (N)', '', 0, 1),
(155, 39, 'Watt (W)', '', 0, 1),
(156, 39, 'Pascal (Pa)', '', 0, 1),
(157, 40, '9.8 m/s²', '', 1, 1),
(158, 40, '10 m/s²', '', 0, 1),
(159, 40, '8 m/s²', '', 0, 1),
(160, 40, '12 m/s²', '', 0, 1),
(161, 41, 'F = m.a', '', 1, 1),
(162, 41, 'F = m.v', '', 0, 1),
(163, 41, 'F = P/t', '', 0, 1),
(164, 41, 'F = s/t', '', 0, 1),
(165, 42, 'F = m.a', '', 1, 1),
(166, 42, 'F = m.v', '', 0, 1),
(167, 42, 'F = P/t', '', 0, 1),
(168, 42, 'F = s/t', '', 0, 1),
(169, 43, 'Hertz (Hz)', '', 1, 1),
(170, 43, 'Newton (N)', '', 0, 1),
(171, 43, 'Joule (J)', '', 0, 1),
(172, 43, 'Watt (W)', '', 0, 1),
(173, 44, 'Thời gian một dao động toàn phần', '', 1, 1),
(174, 44, 'Số dao động trong 1 giây', '', 0, 1),
(175, 44, 'Độ lớn của lực', '', 0, 1),
(176, 44, 'Gia tốc của vật', '', 0, 1),
(177, 45, 'Kilogram (kg)', '', 1, 1),
(178, 45, 'Newton (N)', '', 0, 1),
(179, 45, 'Joule (J)', '', 0, 1),
(180, 45, 'Watt (W)', '', 0, 1),
(181, 46, '5 m/s', '', 1, 1),
(182, 46, '4 m/s', '', 0, 1),
(183, 46, '6 m/s', '', 0, 1),
(184, 46, '10 m/s', '', 0, 1),
(185, 47, '100 J', '', 1, 1),
(186, 47, '90 J', '', 0, 1),
(187, 47, '110 J', '', 0, 1),
(188, 47, '80 J', '', 0, 1),
(189, 48, '5 m/s²', '', 1, 1),
(190, 48, '4 m/s²', '', 0, 1),
(191, 48, '6 m/s²', '', 0, 1),
(192, 48, '10 m/s²', '', 0, 1),
(193, 49, '50 N/m²', '', 1, 1),
(194, 49, '40 N/m²', '', 0, 1),
(195, 49, '60 N/m²', '', 0, 1),
(196, 49, '100 N/m²', '', 0, 1),
(197, 50, '50 m', '', 1, 1),
(198, 50, '40 m', '', 0, 1),
(199, 50, '60 m', '', 0, 1),
(200, 50, '45 m', '', 0, 1),
(201, 51, '15 N', '', 1, 1),
(202, 51, '10 N', '', 0, 1),
(203, 51, '20 N', '', 0, 1),
(204, 51, '25 N', '', 0, 1),
(205, 52, '16 J', '', 1, 1),
(206, 52, '12 J', '', 0, 1),
(207, 52, '20 J', '', 0, 1),
(208, 52, '10 J', '', 0, 1),
(209, 53, '2 Hz', '', 1, 1),
(210, 53, '1 Hz', '', 0, 1),
(211, 53, '3 Hz', '', 0, 1),
(212, 53, '4 Hz', '', 0, 1),
(213, 54, '20 W', '', 1, 1),
(214, 54, '15 W', '', 0, 1),
(215, 54, '25 W', '', 0, 1),
(216, 54, '10 W', '', 0, 1),
(217, 55, '12.56 rad/s', '', 1, 1),
(218, 55, '10 rad/s', '', 0, 1),
(219, 55, '15 rad/s', '', 0, 1),
(220, 55, '8 rad/s', '', 0, 1),
(221, 56, '20 m/s', '', 1, 1),
(222, 56, '15 m/s', '', 0, 1),
(223, 56, '25 m/s', '', 0, 1),
(224, 56, '10 m/s', '', 0, 1),
(225, 57, '49 N', '', 1, 1),
(226, 57, '50 N', '', 0, 1),
(227, 57, '45 N', '', 0, 1),
(228, 57, '40 N', '', 0, 1),
(229, 58, '150 J', '', 1, 1),
(230, 58, '140 J', '', 0, 1),
(231, 58, '160 J', '', 0, 1),
(232, 58, '130 J', '', 0, 1),
(233, 59, 'E = ½kx² + ½mv²', '', 1, 1),
(234, 59, 'E = mv²', '', 0, 1),
(235, 59, 'E = kx²', '', 0, 1),
(236, 59, 'E = F.s', '', 0, 1),
(237, 60, 'Phụ thuộc khối lượng 2 vật', '', 1, 1),
(238, 60, 'Không đổi', '', 0, 1),
(239, 60, 'Bằng 9.8 m/s²', '', 0, 1),
(240, 60, 'Bằng 0', '', 0, 1),
(241, 61, 'HyperText Markup Language', '', 1, 1),
(242, 61, 'HighText Machine Language', '', 0, 1),
(243, 61, 'HyperTool Multi Language', '', 0, 1),
(244, 61, 'HomeTool Markup Language', '', 0, 1),
(245, 62, 'Định dạng giao diện', '', 1, 1),
(246, 62, 'Lập trình logic', '', 0, 1),
(247, 62, 'Quản lý cơ sở dữ liệu', '', 0, 1),
(248, 62, 'Tạo hiệu ứng 3D', '', 0, 1),
(249, 63, 'JavaScript', '', 1, 1),
(250, 63, 'HTML', '', 0, 1),
(251, 63, 'CSS', '', 0, 1),
(252, 63, 'SQL', '', 0, 1),
(253, 64, 'Tạo đoạn văn', '', 1, 1),
(254, 64, 'Tạo tiêu đề', '', 0, 1),
(255, 64, 'Chèn ảnh', '', 0, 1),
(256, 64, 'Tạo liên kết', '', 0, 1),
(257, 65, 'print()', '', 1, 1),
(258, 65, 'input()', '', 0, 1),
(259, 65, 'len()', '', 0, 1),
(260, 65, 'range()', '', 0, 1),
(261, 66, 'Ngôn ngữ truy vấn cơ sở dữ liệu', '', 1, 1),
(262, 66, 'Ngôn ngữ lập trình web', '', 0, 1),
(263, 66, 'Ngôn ngữ định dạng', '', 0, 1),
(264, 66, 'Ngôn ngữ đồ họa', '', 0, 1),
(265, 67, 'Tiêu đề cấp 1', '', 1, 1),
(266, 67, 'Đoạn văn', '', 0, 1),
(267, 67, 'Hình ảnh', '', 0, 1),
(268, 67, 'Liên kết', '', 0, 1),
(269, 68, 'Nơi lưu trữ dữ liệu', '', 1, 1),
(270, 68, 'Câu lệnh điều kiện', '', 0, 1),
(271, 68, 'Hàm tính toán', '', 0, 1),
(272, 68, 'Vòng lặp', '', 0, 1),
(273, 69, 'if', '', 1, 1),
(274, 69, 'for', '', 0, 1),
(275, 69, 'while', '', 0, 1),
(276, 69, 'print', '', 0, 1),
(277, 70, 'Chèn ảnh', '', 1, 1),
(278, 70, 'Tạo liên kết', '', 0, 1),
(279, 70, 'Tạo bảng', '', 0, 1),
(280, 70, 'Tạo tiêu đề', '', 0, 1),
(281, 71, 'Cascading Style Sheets', '', 1, 1),
(282, 71, 'Creative Style System', '', 0, 1),
(283, 71, 'Computer Style Sheets', '', 0, 1),
(284, 71, 'Content Style System', '', 0, 1),
(285, 72, 'Python', '', 1, 1),
(286, 72, 'HTML', '', 0, 1),
(287, 72, 'CSS', '', 0, 1),
(288, 72, 'SQL', '', 0, 1),
(289, 73, 'Tạo liên kết', '', 1, 1),
(290, 73, 'Chèn ảnh', '', 0, 1),
(291, 73, 'Tạo tiêu đề', '', 0, 1),
(292, 73, 'Tạo bảng', '', 0, 1),
(293, 74, 'Cấp cao', '', 1, 1),
(294, 74, 'Cấp thấp', '', 0, 1),
(295, 74, 'Trung gian', '', 0, 1),
(296, 74, 'Không xác định', '', 0, 1),
(297, 75, 'Matplotlib', '', 1, 1),
(298, 75, 'Pandas', '', 0, 1),
(299, 75, 'NumPy', '', 0, 1),
(300, 75, 'SciPy', '', 0, 1),
(301, 76, 'def sum(a, b): return a + b', '', 1, 1),
(302, 76, 'def sum(a, b): print(a + b)', '', 0, 1),
(303, 76, 'sum(a, b) = a + b', '', 0, 1),
(304, 76, 'function sum(a, b) {return a + b}', '', 0, 1),
(305, 77, 'let arr = []', '', 1, 1),
(306, 77, 'array arr = []', '', 0, 1),
(307, 77, 'arr = new Array()', '', 0, 1),
(308, 77, 'arr = []', '', 0, 1),
(309, 78, 'SELECT * FROM table', '', 1, 1),
(310, 78, 'GET * FROM table', '', 0, 1),
(311, 78, 'SELECT ALL FROM table', '', 0, 1),
(312, 78, 'FETCH * FROM table', '', 0, 1),
(313, 79, 'str.join()', '', 1, 1),
(314, 79, 'str.add()', '', 0, 1),
(315, 79, 'str.concat()', '', 0, 1),
(316, 79, 'str.merge()', '', 0, 1),
(317, 80, 'class MyClass:', '', 1, 1),
(318, 80, 'def MyClass:', '', 0, 1),
(319, 80, 'class MyClass()', '', 0, 1),
(320, 80, 'MyClass = class:', '', 0, 1),
(321, 81, '<table>', '', 1, 1),
(322, 81, '<div>', '', 0, 1),
(323, 81, '<section>', '', 0, 1),
(324, 81, '<list>', '', 0, 1),
(325, 82, 'for(let i = 0; i < n; i++)', '', 1, 1),
(326, 82, 'for i in range(n)', '', 0, 1),
(327, 82, 'while(i < n)', '', 0, 1),
(328, 82, 'loop(i < n)', '', 0, 1),
(329, 83, '<link rel=\"stylesheet\" href=\"style.css\">', '', 1, 1),
(330, 83, '<style src=\"style.css\">', '', 0, 1),
(331, 83, '<css href=\"style.css\">', '', 0, 1),
(332, 83, '<script src=\"style.css\">', '', 0, 1),
(333, 84, 'len()', '', 1, 1),
(334, 84, 'length()', '', 0, 1),
(335, 84, 'size()', '', 0, 1),
(336, 84, 'count()', '', 0, 1),
(337, 85, 'INSERT INTO table VALUES()', '', 1, 1),
(338, 85, 'ADD INTO table VALUES()', '', 0, 1),
(339, 85, 'PUT INTO table VALUES()', '', 0, 1),
(340, 85, 'CREATE INTO table VALUES()', '', 0, 1),
(341, 86, 'Chọn pivot, phân vùng, đệ quy', '', 1, 1),
(342, 86, 'So sánh từng cặp, đổi chỗ', '', 0, 1),
(343, 86, 'Chọn nhỏ nhất, đưa lên đầu', '', 0, 1),
(344, 86, 'Chèn từng phần tử', '', 0, 1),
(345, 87, 'Yêu cầu-đầu ra qua các bước', '', 1, 1),
(346, 87, 'Mã hóa dữ liệu', '', 0, 1),
(347, 87, 'Tối ưu hóa bộ nhớ', '', 0, 1),
(348, 87, 'Tăng tốc phần cứng', '', 0, 1),
(349, 88, 'SELECT ... JOIN ... JOIN', '', 1, 1),
(350, 88, 'SELECT ... WHERE ...', '', 0, 1),
(351, 88, 'SELECT ... UNION ...', '', 0, 1),
(352, 88, 'SELECT ... GROUP BY ...', '', 0, 1),
(353, 89, 'Cây nhị phân tìm kiếm', '', 1, 1),
(354, 89, 'Mảng', '', 0, 1),
(355, 89, 'Danh sách liên kết', '', 0, 1),
(356, 89, 'Hàng đợi', '', 0, 1),
(357, 90, 'Chuỗi khối phân tán', '', 1, 1),
(358, 90, 'Mạng tập trung', '', 0, 1),
(359, 90, 'Cơ sở dữ liệu SQL', '', 0, 1),
(360, 90, 'Thuật toán sắp xếp', '', 0, 1),
(361, 91, 'Volt (V)', '', 1, 1),
(362, 91, 'Ampere (A)', '', 0, 1),
(363, 91, 'Ohm (Ω)', '', 0, 1),
(364, 91, 'Watt (W)', '', 0, 1),
(365, 92, 'Dòng chuyển động của electron', '', 1, 1),
(366, 92, 'Điện áp qua mạch', '', 0, 1),
(367, 92, 'Công suất tiêu thụ', '', 0, 1),
(368, 92, 'Điện trở của dây', '', 0, 1),
(369, 93, 'R = U/I', '', 1, 1),
(370, 93, 'R = I/U', '', 0, 1),
(371, 93, 'R = P/I', '', 0, 1),
(372, 93, 'R = U/P', '', 0, 1),
(373, 94, 'Watt (W)', '', 1, 1),
(374, 94, 'Volt (V)', '', 0, 1),
(375, 94, 'Ampere (A)', '', 0, 1),
(376, 94, 'Ohm (Ω)', '', 0, 1),
(377, 95, 'Vôn kế', '', 1, 1),
(378, 95, 'Ampe kế', '', 0, 1),
(379, 95, 'Watt kế', '', 0, 1),
(380, 95, 'Ohm kế', '', 0, 1),
(381, 96, 'Điện trở', '', 1, 1),
(382, 96, 'Dòng điện', '', 0, 1),
(383, 96, 'Điện áp', '', 0, 1),
(384, 96, 'Công suất', '', 0, 1),
(385, 97, 'I = U/R', '', 1, 1),
(386, 97, 'I = R/U', '', 0, 1),
(387, 97, 'I = P/U', '', 0, 1),
(388, 97, 'I = U/P', '', 0, 1),
(389, 98, 'Cản trở dòng điện', '', 1, 1),
(390, 98, 'Tăng dòng điện', '', 0, 1),
(391, 98, 'Tăng điện áp', '', 0, 1),
(392, 98, 'Tăng công suất', '', 0, 1),
(393, 99, 'Ampe kế', '', 1, 1),
(394, 99, 'Vôn kế', '', 0, 1),
(395, 99, 'Watt kế', '', 0, 1),
(396, 99, 'Ohm kế', '', 0, 1),
(397, 100, 'P = U.I', '', 1, 1),
(398, 100, 'P = U/I', '', 0, 1),
(399, 100, 'P = I/R', '', 0, 1),
(400, 100, 'P = R/U', '', 0, 1),
(401, 101, 'U = R.I', '', 1, 1),
(402, 101, 'U = I/R', '', 0, 1),
(403, 101, 'U = P/I', '', 0, 1),
(404, 101, 'U = P.R', '', 0, 1),
(405, 102, 'Lưu trữ điện tích', '', 1, 1),
(406, 102, 'Tăng dòng điện', '', 0, 1),
(407, 102, 'Giảm điện áp', '', 0, 1),
(408, 102, 'Tạo công suất', '', 0, 1),
(409, 103, 'Dòng điện đổi chiều tuần hoàn', '', 1, 1),
(410, 103, 'Dòng điện không đổi', '', 0, 1),
(411, 103, 'Dòng điện tĩnh', '', 0, 1),
(412, 103, 'Dòng điện ngắt quãng', '', 0, 1),
(413, 104, 'Thiết bị bán dẫn', '', 1, 1),
(414, 104, 'Nguồn điện', '', 0, 1),
(415, 104, 'Điện trở', '', 0, 1),
(416, 104, 'Tụ điện', '', 0, 1),
(417, 105, 'Vôn kế', '', 1, 1),
(418, 105, 'Ampe kế', '', 0, 1),
(419, 105, 'Watt kế', '', 0, 1),
(420, 105, 'Ohm kế', '', 0, 1),
(421, 106, '6 Ω', '', 1, 1),
(422, 106, '5 Ω', '', 0, 1),
(423, 106, '7 Ω', '', 0, 1),
(424, 106, '8 Ω', '', 0, 1),
(425, 107, '110 W', '', 1, 1),
(426, 107, '100 W', '', 0, 1),
(427, 107, '120 W', '', 0, 1),
(428, 107, '90 W', '', 0, 1),
(429, 108, '5 A', '', 1, 1),
(430, 108, '4 A', '', 0, 1),
(431, 108, '6 A', '', 0, 1),
(432, 108, '10 A', '', 0, 1),
(433, 109, '50 V', '', 1, 1),
(434, 109, '40 V', '', 0, 1),
(435, 109, '60 V', '', 0, 1),
(436, 109, '45 V', '', 0, 1),
(437, 110, '2.5 Ω', '', 1, 1),
(438, 110, '2 Ω', '', 0, 1),
(439, 110, '3 Ω', '', 0, 1),
(440, 110, '4 Ω', '', 0, 1),
(441, 111, '72 W', '', 1, 1),
(442, 111, '60 W', '', 0, 1),
(443, 111, '80 W', '', 0, 1),
(444, 111, '50 W', '', 0, 1),
(445, 112, '1 A', '', 1, 1),
(446, 112, '2 A', '', 0, 1),
(447, 112, '0.5 A', '', 0, 1),
(448, 112, '3 A', '', 0, 1),
(449, 113, '12 V', '', 1, 1),
(450, 113, '10 V', '', 0, 1),
(451, 113, '15 V', '', 0, 1),
(452, 113, '8 V', '', 0, 1),
(453, 114, '40 W', '', 1, 1),
(454, 114, '30 W', '', 0, 1),
(455, 114, '50 W', '', 0, 1),
(456, 114, '20 W', '', 0, 1),
(457, 115, '2 Ω', '', 1, 1),
(458, 115, '1.5 Ω', '', 0, 1),
(459, 115, '2.5 Ω', '', 0, 1),
(460, 115, '3 Ω', '', 0, 1),
(461, 116, 'Phụ thuộc cấu hình mạch', '', 1, 1),
(462, 116, '10 Ω', '', 0, 1),
(463, 116, '5 Ω', '', 0, 1),
(464, 116, '15 Ω', '', 0, 1),
(465, 117, 'Cân bằng điện áp', '', 1, 1),
(466, 117, 'Tăng dòng điện', '', 0, 1),
(467, 117, 'Giảm điện áp', '', 0, 1),
(468, 117, 'Tạo công suất', '', 0, 1),
(469, 118, 'P = U.I.cosφ', '', 1, 1),
(470, 118, 'P = U.I', '', 0, 1),
(471, 118, 'P = I/R', '', 0, 1),
(472, 118, 'P = U/R', '', 0, 1),
(473, 119, 'I = C.dU/dt', '', 1, 1),
(474, 119, 'I = U/R', '', 0, 1),
(475, 119, 'I = P/U', '', 0, 1),
(476, 119, 'I = U.I', '', 0, 1),
(477, 120, 'Khuếch đại tín hiệu', '', 1, 1),
(478, 120, 'Tạo dòng điện', '', 0, 1),
(479, 120, 'Giảm điện áp', '', 0, 1),
(480, 120, 'Lưu trữ năng lượng', '', 0, 1),
(481, 121, 'Trình tự các bước giải quyết vấn đề', '', 1, 1),
(482, 121, 'Ngôn ngữ lập trình', '', 0, 1),
(483, 121, 'Cấu trúc dữ liệu', '', 0, 1),
(484, 121, 'Phần cứng máy tính', '', 0, 1),
(485, 122, 'O(n)', '', 1, 1),
(486, 122, 'T(n)', '', 0, 1),
(487, 122, 'S(n)', '', 0, 1),
(488, 122, 'P(n)', '', 0, 1),
(489, 123, 'Mảng', '', 1, 1),
(490, 123, 'Ngăn xếp', '', 0, 1),
(491, 123, 'Hàng đợi', '', 0, 1),
(492, 123, 'Danh sách liên kết', '', 0, 1),
(493, 124, 'Lặp lại các bước', '', 1, 1),
(494, 124, 'Kiểm tra điều kiện', '', 0, 1),
(495, 124, 'Tính toán giá trị', '', 0, 1),
(496, 124, 'Lưu trữ dữ liệu', '', 0, 1),
(497, 125, 'Khối mã tái sử dụng', '', 1, 1),
(498, 125, 'Câu lệnh điều kiện', '', 0, 1),
(499, 125, 'Vòng lặp', '', 0, 1),
(500, 125, 'Biến toàn cục', '', 0, 1),
(501, 126, 'Tìm kiếm tuần tự từng phần tử', '', 1, 1),
(502, 126, 'Tìm kiếm chia đôi', '', 0, 1),
(503, 126, 'Tìm kiếm ngẫu nhiên', '', 0, 1),
(504, 126, 'Tìm kiếm đệ quy', '', 0, 1),
(505, 127, 'So sánh và đổi chỗ lặp lại', '', 1, 1),
(506, 127, 'Chọn nhỏ nhất đưa lên đầu', '', 0, 1),
(507, 127, 'Chèn từng phần tử', '', 0, 1),
(508, 127, 'Chia đôi và sắp xếp', '', 0, 1),
(509, 128, 'FIFO', '', 1, 1),
(510, 128, 'LIFO', '', 0, 1),
(511, 128, 'Ngẫu nhiên', '', 0, 1),
(512, 128, 'Thứ tự', '', 0, 1),
(513, 129, 'Thời gian không đổi', '', 1, 1),
(514, 129, 'Thời gian tuyến tính', '', 0, 1),
(515, 129, 'Thời gian bậc hai', '', 0, 1),
(516, 129, 'Thời gian logarit', '', 0, 1),
(517, 130, 'Ngăn xếp', '', 1, 1),
(518, 130, 'Hàng đợi', '', 0, 1),
(519, 130, 'Mảng', '', 0, 1),
(520, 130, 'Danh sách liên kết', '', 0, 1),
(521, 131, 'Dữ liệu đã sắp xếp', '', 1, 1),
(522, 131, 'Dữ liệu ngẫu nhiên', '', 0, 1),
(523, 131, 'Dữ liệu trùng lặp', '', 0, 1),
(524, 131, 'Dữ liệu rỗng', '', 0, 1),
(525, 132, 'Hàm gọi chính nó', '', 1, 1),
(526, 132, 'Hàm lặp lại', '', 0, 1),
(527, 132, 'Hàm tuyến tính', '', 0, 1),
(528, 132, 'Hàm ngẫu nhiên', '', 0, 1),
(529, 133, 'Cấu trúc phân cấp', '', 1, 1),
(530, 133, 'Danh sách tuyến tính', '', 0, 1),
(531, 133, 'Hàng đợi vòng', '', 0, 1),
(532, 133, 'Mảng hai chiều', '', 0, 1),
(533, 134, 'Chọn nhỏ nhất đưa lên đầu', '', 1, 1),
(534, 134, 'So sánh và đổi chỗ', '', 0, 1),
(535, 134, 'Chèn từng phần tử', '', 0, 1),
(536, 134, 'Chia đôi và sắp xếp', '', 0, 1),
(537, 135, 'Thời gian tuyến tính', '', 1, 1),
(538, 135, 'Thời gian không đổi', '', 0, 1),
(539, 135, 'Thời gian bậc hai', '', 0, 1),
(540, 135, 'Thời gian logarit', '', 0, 1),
(541, 136, 'Duyệt mảng, so sánh từng phần tử', '', 1, 1),
(542, 136, 'Chia đôi mảng', '', 0, 1),
(543, 136, 'Đệ quy tìm kiếm', '', 0, 1),
(544, 136, 'Sắp xếp trước', '', 0, 1),
(545, 137, 'O(n)', '', 1, 1),
(546, 137, 'O(1)', '', 0, 1),
(547, 137, 'O(n²)', '', 0, 1),
(548, 137, 'O(log n)', '', 0, 1),
(549, 138, 'Duyệt mảng, đổi chỗ đầu cuối', '', 1, 1),
(550, 138, 'Sắp xếp mảng', '', 0, 1),
(551, 138, 'Tìm kiếm mảng', '', 0, 1),
(552, 138, 'Tính tổng mảng', '', 0, 1),
(553, 139, 'O(log n)', '', 1, 1),
(554, 139, 'O(n)', '', 0, 1),
(555, 139, 'O(n²)', '', 0, 1),
(556, 139, 'O(1)', '', 0, 1),
(557, 140, 'Kiểm tra chia hết từ 2 đến căn n', '', 1, 1),
(558, 140, 'Kiểm tra số lẻ', '', 0, 1),
(559, 140, 'Kiểm tra số chẵn', '', 0, 1),
(560, 140, 'Kiểm tra tổng chữ số', '', 0, 1),
(561, 141, 'Chèn phần tử vào vị trí đúng', '', 1, 1),
(562, 141, 'So sánh và đổi chỗ', '', 0, 1),
(563, 141, 'Chọn nhỏ nhất', '', 0, 1),
(564, 141, 'Chia đôi và sắp xếp', '', 0, 1),
(565, 142, 'Duyệt mảng, cộng dồn giá trị', '', 1, 1),
(566, 142, 'Sắp xếp mảng', '', 0, 1),
(567, 142, 'Tìm kiếm giá trị', '', 0, 1),
(568, 142, 'Đảo ngược mảng', '', 0, 1),
(569, 143, 'O(n²)', '', 1, 1),
(570, 143, 'O(n)', '', 0, 1),
(571, 143, 'O(log n)', '', 0, 1),
(572, 143, 'O(1)', '', 0, 1),
(573, 144, 'Duyệt lần lượt từng phần tử', '', 1, 1),
(574, 144, 'Chia đôi mảng', '', 0, 1),
(575, 144, 'Sắp xếp trước', '', 0, 1),
(576, 144, 'Đệ quy tìm kiếm', '', 0, 1),
(577, 145, 'Thêm đầu, xóa cuối', '', 1, 1),
(578, 145, 'Thêm cuối, xóa đầu', '', 0, 1),
(579, 145, 'Thêm ngẫu nhiên', '', 0, 1),
(580, 145, 'Xóa ngẫu nhiên', '', 0, 1),
(581, 146, 'Chọn pivot, phân vùng, đệ quy', '', 1, 1),
(582, 146, 'So sánh và đổi chỗ', '', 0, 1),
(583, 146, 'Chọn nhỏ nhất', '', 0, 1),
(584, 146, 'Chèn từng phần tử', '', 0, 1),
(585, 147, 'Phụ thuộc bài toán', '', 1, 1),
(586, 147, 'O(n)', '', 0, 1),
(587, 147, 'O(n²)', '', 0, 1),
(588, 147, 'O(log n)', '', 0, 1),
(589, 148, 'Duyệt đồ thị, chọn cạnh nhỏ nhất', '', 1, 1),
(590, 148, 'Sắp xếp mảng', '', 0, 1),
(591, 148, 'Tìm kiếm tuyến tính', '', 0, 1),
(592, 148, 'Chèn phần tử', '', 0, 1),
(593, 149, 'So sánh và chèn vào cây', '', 1, 1),
(594, 149, 'Duyệt mảng', '', 0, 1),
(595, 149, 'Đổi chỗ phần tử', '', 0, 1),
(596, 149, 'Chia đôi mảng', '', 0, 1),
(597, 150, 'Xây cây tần suất, mã hóa', '', 1, 1),
(598, 150, 'Sắp xếp mảng', '', 0, 1),
(599, 150, 'Tìm kiếm tuyến tính', '', 0, 1),
(600, 150, 'Đảo ngược mảng', '', 0, 1);

-- --------------------------------------------------------

--
-- Table structure for table `exams`
--

CREATE TABLE `exams` (
  `testCode` varchar(20) NOT NULL,
  `exOrder` varchar(1) NOT NULL COMMENT 'A;B;C;D;E;F',
  `exCode` varchar(20) NOT NULL COMMENT '=testCode + exOrder',
  `ex_quesIDs` text NOT NULL COMMENT 'mảng các id câu hỏi'
) ENGINE=InnoDB DEFAULT CHARSET=utf8mb4 COLLATE=utf8mb4_unicode_ci;

--
-- Dumping data for table `exams`
--

INSERT INTO `exams` (`testCode`, `exOrder`, `exCode`, `ex_quesIDs`) VALUES
('OnlyTin', 'A', 'OnlyTinA', '[69,63,66,73,67,62,71,65,74,75,85,77,81,83,82,84,79,76,78,80,87,90,88,89,86]'),
('OnlyTin', 'B', 'OnlyTinB', '[73,68,62,70,74,72,75,66,64,67,81,79,83,82,78,84,76,85,77,80,89,86,88,90,87]'),
('OnlyTin', 'C', 'OnlyTinC', '[73,68,66,70,71,62,61,72,69,74,77,79,78,81,85,84,80,82,76,83,89,86,87,88,90]'),
('OnlyTin', 'D', 'OnlyTinD', '[65,62,75,63,67,69,73,61,70,68,85,81,82,84,83,78,80,79,77,76,89,88,90,87,86]'),
('OnlyTin', 'E', 'OnlyTinE', '[74,73,65,72,66,71,64,70,61,62,78,85,76,83,81,82,84,79,80,77,86,89,90,87,88]'),
('OnlyToan2', 'A', 'OnlyToan2A', '[13,1,8,10,14,3,7,2,4,5,15,6,9,12,11,16,24,17,19,20,22,18,21,25,23,26,28,29,30,27]'),
('OnlyToan2', 'B', 'OnlyToan2B', '[9,8,13,15,1,4,7,5,12,3,14,2,11,10,6,16,22,25,23,19,21,24,20,18,17,30,27,26,29,28]'),
('OnlyToan2', 'C', 'OnlyToan2C', '[15,1,8,3,14,4,2,11,5,6,12,10,13,9,7,24,17,16,19,22,18,23,21,25,20,28,26,27,29,30]'),
('ToanAndTin', 'A', 'ToanAndTinA', '[65,11,15,71,10,69,12,61,6,70,3,63,66,14,9,67,8,2,4,13,68,64,73,1,5,77,79,83,76,17,23,16,84,81,78,88,27,86,89,90]'),
('ToanAndTin', 'B', 'ToanAndTinB', '[15,75,63,7,68,65,74,69,72,2,4,70,71,73,1,12,66,3,64,6,9,14,11,67,5,22,77,19,18,79,78,76,25,24,84,88,90,86,87,30]'),
('ToanAndTin', 'C', 'ToanAndTinC', '[61,14,10,1,62,13,5,73,63,64,69,65,68,3,71,67,9,11,7,75,15,12,72,74,2,78,80,81,24,23,16,79,19,25,22,26,87,27,89,28]');

-- --------------------------------------------------------

--
-- Table structure for table `logs`
--

CREATE TABLE `logs` (
  `logID` int(11) NOT NULL,
  `logContent` text NOT NULL,
  `logUserID` int(11) NOT NULL,
  `logExCode` varchar(20) NOT NULL,
  `logDate` datetime NOT NULL
) ENGINE=InnoDB DEFAULT CHARSET=utf8mb4 COLLATE=utf8mb4_unicode_ci;

--
-- Dumping data for table `logs`
--

INSERT INTO `logs` (`logID`, `logContent`, `logUserID`, `logExCode`, `logDate`) VALUES
(26, '3:9, 1:1, 2:5, 4:13, 15:57, 18:72, 19:74, 64:254, 63:250, 30:117, 65:257, 74:293, 75:297, 73:289, 72:285, 88:349, 90:357, 87:345, 86:341, 79:313, 84:333, 78:309, 77:305', 1, 'ToanAndTinB', '2025-03-09 15:15:27'),
(27, '3:9, 1:1, 2:5, 4:13, 15:57, 18:72, 19:74, 64:254, 63:250, 30:117, 65:257, 74:293, 75:297, 73:289, 72:285, 88:349, 90:357, 87:345, 86:341, 79:313, 84:333, 78:309, 77:305, 70:277', 1, 'ToanAndTinB', '2025-03-09 15:15:29'),
(28, '3:9, 1:1, 2:5, 4:13, 15:57, 18:72, 19:74, 64:254, 63:250, 30:117, 65:257, 74:293, 75:297, 73:289, 72:285, 88:349, 90:357, 87:345, 86:341, 79:313, 84:333, 78:309, 77:305, 70:277, 71:281', 1, 'ToanAndTinB', '2025-03-09 15:15:30'),
(29, '3:9, 1:1, 2:5, 4:13, 15:57, 18:72, 19:74, 64:254, 63:250, 30:117, 65:257, 74:293, 75:297, 73:289, 72:285, 88:349, 90:357, 87:345, 86:341, 79:313, 84:333, 78:309, 77:305, 70:277, 71:281, 76:302', 1, 'ToanAndTinB', '2025-03-09 15:15:33'),
(30, '3:9, 1:1, 2:5, 4:13, 15:57, 18:72, 19:74, 64:254, 63:250, 30:117, 65:257, 74:293, 75:297, 73:289, 72:285, 88:349, 90:357, 87:345, 86:341, 79:313, 84:333, 78:309, 77:305, 70:277, 71:281, 76:302, 69:273', 1, 'ToanAndTinB', '2025-03-09 15:15:34'),
(31, '3:9, 1:1, 2:5, 4:13, 15:57, 18:72, 19:74, 64:254, 63:250, 30:117, 65:257, 74:293, 75:297, 73:289, 72:285, 88:349, 90:357, 87:345, 86:341, 79:313, 84:333, 78:309, 77:305, 70:277, 71:281, 76:302, 69:273, 67:265', 1, 'ToanAndTinB', '2025-03-09 15:15:37'),
(32, '3:9, 1:1, 2:5, 4:13, 15:57, 18:72, 19:74, 64:254, 63:250, 30:117, 65:257, 74:293, 75:297, 73:289, 72:285, 88:349, 90:357, 87:345, 86:341, 79:313, 84:333, 78:309, 77:305, 70:277, 71:281, 76:302, 69:273, 67:265, 68:270', 1, 'ToanAndTinB', '2025-03-09 15:15:38'),
(33, '3:9, 1:1, 2:5, 4:13, 15:57, 18:72, 19:74, 64:254, 63:250, 30:117, 65:257, 74:293, 75:297, 73:289, 72:285, 88:349, 90:357, 87:345, 86:341, 79:313, 84:333, 78:309, 77:305, 70:277, 71:281, 76:302, 69:273, 67:265, 68:270, 66:262', 1, 'ToanAndTinB', '2025-03-09 15:15:39'),
(34, '3:9, 1:1, 2:5, 4:13, 15:57, 18:72, 19:74, 64:254, 63:250, 30:117, 65:257, 74:293, 75:297, 73:289, 72:285, 88:349, 90:357, 87:345, 86:341, 79:313, 84:333, 78:309, 77:305, 70:277, 71:281, 76:302, 69:273, 67:268, 68:270, 66:262', 1, 'ToanAndTinB', '2025-03-09 15:15:39'),
(35, '3:9, 1:1, 2:5, 4:13, 15:57, 18:72, 19:74, 64:254, 63:250, 30:117, 65:257, 74:293, 75:297, 73:289, 72:285, 88:349, 90:357, 87:345, 86:341, 79:313, 84:333, 78:309, 77:305, 70:277, 71:281, 76:302, 69:273, 67:266, 68:270, 66:262', 1, 'ToanAndTinB', '2025-03-09 15:15:40'),
(36, '3:9, 1:1, 2:5, 4:13, 15:57, 18:72, 19:74, 64:254, 63:250, 30:117, 65:257, 74:293, 75:297, 73:289, 72:285, 88:349, 90:357, 87:345, 86:341, 79:313, 84:333, 78:309, 77:305, 70:277, 71:281, 76:302, 69:273, 67:266, 68:270, 66:262, 25:97', 1, 'ToanAndTinB', '2025-03-09 15:15:41'),
(37, '3:9, 1:1, 2:5, 4:13, 15:57, 18:72, 19:74, 64:254, 63:250, 30:117, 65:257, 74:293, 75:297, 73:289, 72:285, 88:349, 90:357, 87:345, 86:341, 79:313, 84:333, 78:309, 77:305, 70:277, 71:281, 76:302, 69:273, 67:266, 68:270, 66:262, 25:97', 1, 'ToanAndTinB', '2025-03-09 15:15:41'),
(38, '3:9, 1:1, 2:5, 4:13, 15:57, 18:72, 19:74, 64:254, 63:250, 30:117, 65:257, 74:293, 75:297, 73:289, 72:285, 88:349, 90:357, 87:345, 86:341, 79:313, 84:333, 78:309, 77:305, 70:277, 71:281, 76:302, 69:273, 67:266, 68:270, 66:262, 25:97, 22:85', 1, 'ToanAndTinB', '2025-03-09 15:15:43'),
(39, '3:9, 1:1, 2:5, 4:13, 15:57, 18:72, 19:74, 64:254, 63:250, 30:117, 65:257, 74:293, 75:297, 73:289, 72:285, 88:349, 90:357, 87:345, 86:341, 79:313, 84:333, 78:309, 77:305, 70:277, 71:281, 76:302, 69:273, 67:266, 68:270, 66:262, 25:97, 22:85, 24:94', 1, 'ToanAndTinB', '2025-03-09 15:15:44'),
(40, '3:9, 1:1, 2:5, 4:13, 15:57, 18:72, 19:74, 64:254, 63:250, 30:117, 65:257, 74:293, 75:297, 73:289, 72:285, 88:349, 90:357, 87:345, 86:341, 79:313, 84:333, 78:309, 77:305, 70:277, 71:281, 76:302, 69:273, 67:266, 68:270, 66:262, 25:97, 22:85, 24:94, 12:45', 1, 'ToanAndTinB', '2025-03-09 15:15:46'),
(41, '3:9, 1:1, 2:5, 4:13, 15:57, 18:72, 19:74, 64:254, 63:250, 30:117, 65:257, 74:293, 75:297, 73:289, 72:285, 88:349, 90:357, 87:345, 86:341, 79:313, 84:333, 78:309, 77:305, 70:277, 71:281, 76:302, 69:273, 67:266, 68:270, 66:262, 25:97, 22:85, 24:94, 12:45, 14:54', 1, 'ToanAndTinB', '2025-03-09 15:15:46'),
(42, '3:9, 1:1, 2:5, 4:13, 15:57, 18:72, 19:74, 64:254, 63:250, 30:117, 65:257, 74:293, 75:297, 73:289, 72:285, 88:349, 90:357, 87:345, 86:341, 79:313, 84:333, 78:309, 77:305, 70:277, 71:281, 76:302, 69:273, 67:266, 68:270, 66:262, 25:97, 22:85, 24:94, 12:45, 14:54, 6:21', 1, 'ToanAndTinB', '2025-03-09 15:15:49'),
(43, '3:9, 1:1, 2:5, 4:13, 15:57, 18:72, 19:74, 64:254, 63:250, 30:117, 65:257, 74:293, 75:297, 73:289, 72:285, 88:349, 90:357, 87:345, 86:341, 79:313, 84:333, 78:309, 77:305, 70:277, 71:281, 76:302, 69:273, 67:266, 68:270, 66:262, 25:97, 22:85, 24:94, 12:45, 14:54, 6:21, 7:26', 1, 'ToanAndTinB', '2025-03-09 15:15:50'),
(44, '3:9, 1:1, 2:5, 4:13, 15:57, 18:72, 19:74, 64:254, 63:250, 30:117, 65:257, 74:293, 75:297, 73:289, 72:285, 88:349, 90:357, 87:345, 86:341, 79:313, 84:333, 78:309, 77:305, 70:277, 71:281, 76:302, 69:273, 67:266, 68:270, 66:262, 25:97, 22:85, 24:94, 12:45, 14:54, 6:21, 7:26, 9:34', 1, 'ToanAndTinB', '2025-03-09 15:15:50'),
(45, '3:9, 1:1, 2:5, 4:13, 15:57, 18:72, 19:74, 64:254, 63:250, 30:117, 65:257, 74:293, 75:297, 73:289, 72:285, 88:349, 90:357, 87:345, 86:341, 79:313, 84:333, 78:309, 77:305, 70:277, 71:281, 76:302, 69:273, 67:266, 68:270, 66:262, 25:97, 22:85, 24:94, 12:45, 14:54, 6:21, 7:26, 9:34, 5:17', 1, 'ToanAndTinB', '2025-03-09 15:15:52'),
(46, 'confirm', 1, 'ToanAndTinB', '2025-03-09 15:15:55'),
(47, '1:1', 1, 'ToanAndTinA', '2025-03-09 15:18:39'),
(48, '1:1, 2:5', 1, 'ToanAndTinA', '2025-03-09 15:18:40'),
(49, '1:1, 2:5, 3:9', 1, 'ToanAndTinA', '2025-03-09 15:18:41'),
(50, '1:1, 2:5, 3:9, 4:13', 1, 'ToanAndTinA', '2025-03-09 15:18:42'),
(51, '1:1, 2:5, 3:9, 4:13, 5:17', 1, 'ToanAndTinA', '2025-03-09 15:18:45'),
(52, '1:1, 2:5, 3:9, 4:13, 5:17, 6:21', 1, 'ToanAndTinA', '2025-03-09 15:18:46'),
(53, '1:1, 2:5, 3:9, 4:13, 5:17, 6:21, 8:29', 1, 'ToanAndTinA', '2025-03-09 15:18:46'),
(54, '1:1, 2:5, 3:9, 4:13, 5:17, 6:21, 8:29, 9:33', 1, 'ToanAndTinA', '2025-03-09 15:18:47'),
(55, '1:1, 2:5, 3:9, 4:13, 5:17, 6:21, 8:29, 9:33, 11:41', 1, 'ToanAndTinA', '2025-03-09 15:18:51'),
(56, '1:1, 2:5, 3:9, 4:13, 5:17, 6:21, 8:29, 9:33, 11:41, 13:50', 1, 'ToanAndTinA', '2025-03-09 15:18:52'),
(57, '1:1, 2:5, 3:9, 4:13, 5:17, 6:21, 8:29, 9:33, 11:41, 13:52', 1, 'ToanAndTinA', '2025-03-09 15:18:53'),
(58, '1:1, 2:5, 3:9, 4:13, 5:17, 6:21, 8:29, 9:33, 11:41, 13:52, 12:46', 1, 'ToanAndTinA', '2025-03-09 15:18:54'),
(59, '1:1, 2:5, 3:9, 4:13, 5:17, 6:21, 8:29, 9:33, 11:41, 13:52, 12:46, 14:54', 1, 'ToanAndTinA', '2025-03-09 15:18:54'),
(60, '1:1, 2:5, 3:9, 4:13, 5:17, 6:21, 8:29, 9:33, 11:41, 13:52, 12:46, 14:54, 17:65', 1, 'ToanAndTinA', '2025-03-09 15:18:56'),
(61, '1:1, 2:5, 3:9, 4:13, 5:17, 6:21, 8:29, 9:33, 11:41, 13:52, 12:46, 14:54, 17:65, 23:89', 1, 'ToanAndTinA', '2025-03-09 15:18:57'),
(62, '1:1, 2:5, 3:9, 4:13, 5:17, 6:21, 8:29, 9:33, 11:41, 13:52, 12:46, 14:54, 17:65, 23:89, 16:61', 1, 'ToanAndTinA', '2025-03-09 15:18:58'),
(63, '1:1, 2:5, 3:9, 4:13, 5:17, 6:21, 8:29, 9:33, 11:41, 13:52, 12:46, 14:54, 17:68, 23:89, 16:61', 1, 'ToanAndTinA', '2025-03-09 15:18:59'),
(64, '1:1, 2:5, 3:9, 4:13, 5:17, 6:21, 8:29, 9:33, 11:41, 13:52, 12:46, 14:54, 17:68, 23:92, 16:61', 1, 'ToanAndTinA', '2025-03-09 15:19:00'),
(65, '1:1, 2:5, 3:9, 4:13, 5:17, 6:21, 8:29, 9:33, 11:41, 13:52, 12:46, 14:54, 17:68, 23:92, 16:61, 27:106', 1, 'ToanAndTinA', '2025-03-09 15:19:00'),
(66, '1:1, 2:5, 3:9, 4:13, 5:17, 6:21, 8:29, 9:33, 11:41, 13:52, 12:46, 14:54, 17:68, 23:92, 16:61, 27:106, 71:281', 1, 'ToanAndTinA', '2025-03-09 15:19:02'),
(67, '1:1, 2:5, 3:9, 4:13, 5:17, 6:21, 8:29, 9:33, 11:41, 13:52, 12:46, 14:54, 17:68, 23:92, 16:61, 27:106, 71:281, 73:289', 1, 'ToanAndTinA', '2025-03-09 15:19:03'),
(68, '1:1, 2:5, 3:9, 4:13, 5:17, 6:21, 8:29, 9:33, 11:41, 13:52, 12:46, 14:54, 17:68, 23:92, 16:61, 27:106, 71:281, 73:289, 70:277', 1, 'ToanAndTinA', '2025-03-09 15:19:03'),
(69, '1:1, 2:5, 3:9, 4:13, 5:17, 6:21, 8:29, 9:33, 11:41, 13:52, 12:46, 14:54, 17:68, 23:92, 16:61, 27:106, 71:281, 73:289, 70:277, 81:321', 1, 'ToanAndTinA', '2025-03-09 15:19:06'),
(70, '1:1, 2:5, 3:9, 4:13, 5:17, 6:21, 8:29, 9:33, 11:41, 13:52, 12:46, 14:54, 17:68, 23:92, 16:61, 27:106, 71:281, 73:289, 70:277, 81:321, 83:329', 1, 'ToanAndTinA', '2025-03-09 15:19:06'),
(71, '1:1, 2:5, 3:9, 4:13, 5:17, 6:21, 8:29, 9:33, 11:41, 13:52, 12:46, 14:54, 17:68, 23:92, 16:61, 27:106, 71:281, 73:289, 70:277, 81:321, 83:329, 79:313', 1, 'ToanAndTinA', '2025-03-09 15:19:07'),
(72, '1:1, 2:5, 3:9, 4:13, 5:17, 6:21, 8:29, 9:33, 11:41, 13:52, 12:46, 14:54, 17:68, 23:92, 16:61, 27:106, 71:281, 73:289, 70:277, 81:321, 83:329, 79:313, 88:349', 1, 'ToanAndTinA', '2025-03-09 15:19:08'),
(73, '1:1, 2:5, 3:9, 4:13, 5:17, 6:21, 8:29, 9:33, 11:41, 13:52, 12:46, 14:54, 17:68, 23:92, 16:61, 27:106, 71:281, 73:289, 70:277, 81:321, 83:329, 79:313, 88:349, 89:353', 1, 'ToanAndTinA', '2025-03-09 15:19:09'),
(74, '1:1, 2:5, 3:9, 4:13, 5:17, 6:21, 8:29, 9:33, 11:41, 13:52, 12:46, 14:54, 17:68, 23:92, 16:61, 27:106, 71:281, 73:289, 70:277, 81:321, 83:329, 79:313, 88:349, 89:353, 86:341', 1, 'ToanAndTinA', '2025-03-09 15:19:09'),
(75, '1:1, 2:5, 3:9, 4:13, 5:17, 6:21, 8:29, 9:33, 11:41, 13:52, 12:46, 14:54, 17:68, 23:92, 16:61, 27:106, 71:281, 73:289, 70:277, 81:321, 83:329, 79:313, 88:349, 89:353, 86:341, 65:257', 1, 'ToanAndTinA', '2025-03-09 15:19:12'),
(76, '1:1, 2:5, 3:9, 4:13, 5:17, 6:21, 8:29, 9:33, 11:41, 13:52, 12:46, 14:54, 17:68, 23:92, 16:61, 27:106, 71:281, 73:289, 70:277, 81:321, 83:329, 79:313, 88:349, 89:353, 86:341, 65:257, 66:261', 1, 'ToanAndTinA', '2025-03-09 15:19:13'),
(77, '1:1, 2:5, 3:9, 4:13, 5:17, 6:21, 8:29, 9:33, 11:41, 13:52, 12:46, 14:54, 17:68, 23:92, 16:61, 27:106, 71:281, 73:289, 70:277, 81:321, 83:329, 79:313, 88:349, 89:353, 86:341, 65:257, 66:261, 67:265', 1, 'ToanAndTinA', '2025-03-09 15:19:14'),
(78, '1:1, 2:5, 3:9, 4:13, 5:17, 6:21, 8:29, 9:33, 11:41, 13:52, 12:46, 14:54, 17:68, 23:92, 16:61, 27:106, 71:281, 73:289, 70:277, 81:321, 83:329, 79:313, 88:349, 89:353, 86:341, 65:257, 66:261, 67:265, 68:269', 1, 'ToanAndTinA', '2025-03-09 15:19:14'),
(79, '1:1, 2:5, 3:9, 4:13, 5:17, 6:21, 8:29, 9:33, 11:41, 13:52, 12:46, 14:54, 17:68, 23:92, 16:61, 27:106, 71:281, 73:289, 70:277, 81:321, 83:329, 79:313, 88:349, 89:353, 86:341, 65:257, 66:261, 67:265, 68:269, 84:333', 1, 'ToanAndTinA', '2025-03-09 15:19:18'),
(80, '1:1, 2:5, 3:9, 4:13, 5:17, 6:21, 8:29, 9:33, 11:41, 13:52, 12:46, 14:54, 17:68, 23:92, 16:61, 27:106, 71:281, 73:289, 70:277, 81:321, 83:329, 79:313, 88:349, 89:353, 86:341, 65:257, 66:261, 67:265, 68:269, 84:333, 77:305', 1, 'ToanAndTinA', '2025-03-09 15:19:29'),
(81, '1:1, 2:5, 3:9, 4:13, 5:17, 6:21, 8:29, 9:33, 11:41, 13:52, 12:46, 14:54, 17:68, 23:92, 16:61, 27:106, 71:281, 73:289, 70:277, 81:321, 83:329, 79:313, 88:349, 89:353, 86:341, 65:257, 66:261, 67:265, 68:269, 84:333, 77:305, 76:301', 1, 'ToanAndTinA', '2025-03-09 15:19:30'),
(82, '1:1, 2:5, 3:9, 4:13, 5:17, 6:21, 8:29, 9:33, 11:41, 13:52, 12:46, 14:54, 17:68, 23:92, 16:61, 27:106, 71:281, 73:289, 70:277, 81:321, 83:329, 79:313, 88:349, 89:353, 86:341, 65:257, 66:261, 67:265, 68:269, 84:333, 77:305, 76:301, 90:358', 1, 'ToanAndTinA', '2025-03-09 15:19:32'),
(83, '1:1, 2:5, 3:9, 4:13, 5:17, 6:21, 8:29, 9:33, 11:41, 13:52, 12:46, 14:54, 17:68, 23:92, 16:61, 27:106, 71:281, 73:289, 70:277, 81:322, 83:329, 79:313, 88:349, 89:353, 86:341, 65:257, 66:261, 67:265, 68:269, 84:333, 77:305, 76:301, 90:358', 1, 'ToanAndTinA', '2025-03-09 15:19:34'),
(84, '1:1, 2:5, 3:9, 4:13, 5:17, 6:21, 8:29, 9:33, 11:41, 13:52, 12:46, 14:54, 17:68, 23:92, 16:61, 27:106, 71:282, 73:289, 70:277, 81:322, 83:329, 79:313, 88:349, 89:353, 86:341, 65:257, 66:261, 67:265, 68:269, 84:333, 77:305, 76:301, 90:358', 1, 'ToanAndTinA', '2025-03-09 15:19:35'),
(85, '1:1, 2:5, 3:9, 4:13, 5:17, 6:21, 8:29, 9:33, 11:41, 13:52, 12:46, 14:54, 17:68, 23:92, 16:61, 27:106, 71:282, 73:289, 70:278, 81:322, 83:329, 79:313, 88:349, 89:353, 86:341, 65:257, 66:261, 67:265, 68:269, 84:333, 77:305, 76:301, 90:358', 1, 'ToanAndTinA', '2025-03-09 15:19:36'),
(86, '1:1, 2:5, 3:9, 4:13, 5:17, 6:21, 8:29, 9:33, 11:41, 13:52, 12:46, 14:54, 17:68, 23:92, 16:61, 27:106, 71:282, 73:289, 70:278, 81:322, 83:329, 79:313, 88:349, 89:353, 86:341, 65:257, 66:261, 67:265, 68:269, 84:333, 77:305, 76:301, 90:358, 69:274', 1, 'ToanAndTinA', '2025-03-09 15:19:37'),
(87, '1:1, 2:5, 3:9, 4:13, 5:17, 6:21, 8:29, 9:33, 11:41, 13:52, 12:46, 14:54, 17:68, 23:92, 16:61, 27:106, 71:282, 73:289, 70:277, 81:322, 83:329, 79:313, 88:349, 89:353, 86:341, 65:257, 66:261, 67:265, 68:269, 84:333, 77:305, 76:301, 90:358, 69:274', 1, 'ToanAndTinA', '2025-03-09 15:19:38'),
(88, '1:1, 2:5, 3:9, 4:13, 5:17, 6:21, 8:29, 9:33, 11:41, 13:52, 12:46, 14:54, 17:68, 23:92, 16:61, 27:106, 71:281, 73:289, 70:277, 81:322, 83:329, 79:313, 88:349, 89:353, 86:341, 65:257, 66:261, 67:265, 68:269, 84:333, 77:305, 76:301, 90:358, 69:274', 1, 'ToanAndTinA', '2025-03-09 15:19:39'),
(89, '1:1, 2:5, 3:9, 4:13, 5:17, 6:21, 8:29, 9:33, 11:41, 13:52, 12:46, 14:54, 17:68, 23:92, 16:61, 27:106, 71:281, 73:289, 70:277, 81:322, 83:329, 79:313, 88:349, 89:353, 86:341, 65:257, 66:261, 67:265, 68:269, 84:333, 77:305, 76:301, 90:358, 69:274, 78:309', 1, 'ToanAndTinA', '2025-03-09 15:19:41'),
(90, '1:1, 2:5, 3:9, 4:13, 5:17, 6:21, 8:29, 9:33, 11:41, 13:52, 12:46, 14:54, 17:68, 23:92, 16:61, 27:106, 71:281, 73:289, 70:277, 81:322, 83:329, 79:313, 88:349, 89:353, 86:341, 65:257, 66:261, 67:265, 68:269, 84:333, 77:305, 76:301, 90:358, 69:274, 78:309, 15:57', 1, 'ToanAndTinA', '2025-03-09 15:19:44'),
(91, '1:1, 2:5, 3:9, 4:13, 5:17, 6:21, 8:29, 9:33, 11:41, 13:52, 12:46, 14:54, 17:68, 23:92, 16:61, 27:106, 71:281, 73:289, 70:277, 81:322, 83:329, 79:313, 88:349, 89:353, 86:341, 65:257, 66:261, 67:265, 68:269, 84:333, 77:305, 76:301, 90:358, 69:274, 78:309, 15:57, 10:38', 1, 'ToanAndTinA', '2025-03-09 15:19:46'),
(92, '1:1, 2:5, 3:9, 4:13, 5:17, 6:21, 8:29, 9:33, 11:41, 13:52, 12:46, 14:54, 17:68, 23:92, 16:61, 27:106, 71:281, 73:289, 70:277, 81:322, 83:329, 79:313, 88:349, 89:353, 86:341, 65:257, 66:261, 67:265, 68:269, 84:333, 77:305, 76:301, 90:358, 69:274, 78:309, 15:57, 10:38, 63:250', 1, 'ToanAndTinA', '2025-03-09 15:19:49'),
(93, '1:1, 2:5, 3:9, 4:13, 5:17, 6:21, 8:29, 9:33, 11:41, 13:52, 12:46, 14:54, 17:68, 23:92, 16:61, 27:106, 71:281, 73:289, 70:277, 81:322, 83:329, 79:313, 88:349, 89:353, 86:341, 65:257, 66:261, 67:265, 68:269, 84:333, 77:305, 76:301, 90:358, 69:274, 78:309, 15:57, 10:38, 63:250, 61:241', 1, 'ToanAndTinA', '2025-03-09 15:19:50'),
(94, 'confirm', 1, 'ToanAndTinA', '2025-03-09 15:19:52'),
(95, '1:1', 1, 'ToanAndTinB', '2025-03-09 15:23:16'),
(96, '1:1, 2:5', 1, 'ToanAndTinB', '2025-03-09 15:23:18'),
(97, '1:1, 2:5, 3:9', 1, 'ToanAndTinB', '2025-03-09 15:23:21'),
(98, '1:1, 2:5, 3:9, 4:13', 1, 'ToanAndTinB', '2025-03-09 15:23:22'),
(99, '1:1, 2:5, 3:9, 4:13, 5:17', 1, 'ToanAndTinB', '2025-03-09 15:23:27'),
(100, '1:1, 2:5, 3:9, 4:13, 5:17, 6:21', 1, 'ToanAndTinB', '2025-03-09 15:23:28'),
(101, '1:1, 2:5, 3:9, 4:13, 5:17, 6:21, 7:25', 1, 'ToanAndTinB', '2025-03-09 15:23:30'),
(102, '1:1, 2:5, 3:9, 4:13, 5:17, 6:21, 7:25, 9:33', 1, 'ToanAndTinB', '2025-03-09 15:23:31'),
(103, '1:1, 2:5, 3:9, 4:13, 5:17, 6:21, 7:25, 9:33, 11:41', 1, 'ToanAndTinB', '2025-03-09 15:23:36'),
(104, '1:1, 2:5, 3:9, 4:13, 5:17, 6:21, 7:25, 9:33, 11:41, 12:45', 1, 'ToanAndTinB', '2025-03-09 15:23:38'),
(105, '1:1, 2:5, 3:9, 4:13, 5:17, 6:21, 7:25, 9:33, 11:41, 12:45, 14:53', 1, 'ToanAndTinB', '2025-03-09 15:23:40'),
(106, '1:1, 2:5, 3:9, 4:13, 5:17, 6:21, 7:25, 9:33, 11:41, 12:45, 14:53, 15:57', 1, 'ToanAndTinB', '2025-03-09 15:23:41'),
(107, '1:1, 2:5, 3:9, 4:13, 5:17, 6:21, 7:25, 9:33, 11:41, 12:45, 14:53, 15:57, 70:278', 1, 'ToanAndTinB', '2025-03-09 15:23:44'),
(108, '1:1, 2:5, 3:9, 4:13, 5:17, 6:21, 7:25, 9:33, 11:41, 12:45, 14:53, 15:57, 70:277', 1, 'ToanAndTinB', '2025-03-09 15:23:45'),
(109, '1:1, 2:5, 3:9, 4:13, 5:17, 6:21, 7:25, 9:33, 11:41, 12:45, 14:53, 15:57, 70:277, 69:276', 1, 'ToanAndTinB', '2025-03-09 15:23:47'),
(110, '1:1, 2:5, 3:9, 4:13, 5:17, 6:21, 7:25, 9:33, 11:41, 12:45, 14:53, 15:57, 70:277, 69:276, 68:270', 1, 'ToanAndTinB', '2025-03-09 15:23:47'),
(111, '1:1, 2:5, 3:9, 4:13, 5:17, 6:21, 7:25, 9:33, 11:41, 12:45, 14:53, 15:57, 70:277, 69:276, 68:270, 22:85', 1, 'ToanAndTinB', '2025-03-09 15:23:58'),
(112, '1:1, 2:5, 3:9, 4:13, 5:17, 6:21, 7:25, 9:33, 11:41, 12:45, 14:53, 15:57, 70:277, 69:276, 68:270, 22:85, 24:93', 1, 'ToanAndTinB', '2025-03-09 15:24:02'),
(113, '1:1, 2:5, 3:9, 4:13, 5:17, 6:21, 7:25, 9:33, 11:41, 12:45, 14:53, 15:57, 70:277, 69:276, 68:270, 22:85, 24:93', 1, 'ToanAndTinB', '2025-03-09 15:24:03'),
(114, '1:1, 2:5, 3:9, 4:13, 5:17, 6:21, 7:25, 9:33, 11:41, 12:45, 14:53, 15:57, 70:277, 69:276, 68:270, 22:85, 24:93, 25:99', 1, 'ToanAndTinB', '2025-03-09 15:24:07'),
(115, '1:1, 2:5, 3:9, 4:13, 5:17, 6:21, 7:25, 9:33, 11:41, 12:45, 14:53, 15:57, 70:277, 69:276, 68:270, 22:85, 24:93, 25:99, 30:118', 1, 'ToanAndTinB', '2025-03-09 15:24:08'),
(116, '1:1, 2:5, 3:9, 4:13, 5:17, 6:21, 7:25, 9:33, 11:41, 12:45, 14:53, 15:57, 70:277, 69:276, 68:270, 22:85, 24:93, 25:99, 30:118', 1, 'ToanAndTinB', '2025-03-09 15:24:09'),
(117, '1:1, 2:5, 3:9, 4:13, 5:17, 6:21, 7:25, 9:33, 11:41, 12:45, 14:53, 15:57, 70:277, 69:276, 68:270, 22:85, 24:93, 25:99, 30:118, 63:250', 1, 'ToanAndTinB', '2025-03-09 15:24:11'),
(118, '1:1, 2:5, 3:9, 4:13, 5:17, 6:21, 7:25, 9:33, 11:41, 12:45, 14:53, 15:57, 70:277, 69:276, 68:270, 22:85, 24:93, 25:99, 30:118, 63:250, 64:255', 1, 'ToanAndTinB', '2025-03-09 15:24:11'),
(119, '1:1, 2:5, 3:9, 4:13, 5:17, 6:21, 7:25, 9:33, 11:41, 12:45, 14:53, 15:57, 70:277, 69:276, 68:270, 22:85, 24:93, 25:99, 30:118, 63:250, 64:255, 65:257', 1, 'ToanAndTinB', '2025-03-09 15:24:12'),
(120, '1:1, 2:5, 3:9, 4:13, 5:17, 6:21, 7:25, 9:33, 11:41, 12:45, 14:53, 15:57, 70:277, 69:276, 68:270, 22:85, 24:93, 25:99, 30:118, 63:250, 64:255, 65:257, 66:262', 1, 'ToanAndTinB', '2025-03-09 15:24:13'),
(121, '1:1, 2:5, 3:9, 4:13, 5:17, 6:21, 7:25, 9:33, 11:41, 12:45, 14:53, 15:57, 70:277, 69:276, 68:270, 22:85, 24:93, 25:99, 30:118, 63:250, 64:255, 65:257, 66:261', 1, 'ToanAndTinB', '2025-03-09 15:24:15'),
(122, '1:1, 2:5, 3:9, 4:13, 5:17, 6:21, 7:25, 9:33, 11:41, 12:45, 14:53, 15:57, 70:277, 69:276, 68:270, 22:85, 24:93, 25:99, 30:118, 63:250, 64:255, 65:257, 66:261, 77:308', 1, 'ToanAndTinB', '2025-03-09 15:24:16'),
(123, '1:1, 2:5, 3:9, 4:13, 5:17, 6:21, 7:25, 9:33, 11:41, 12:45, 14:53, 15:57, 70:277, 69:276, 68:270, 22:85, 24:93, 25:99, 30:118, 63:250, 64:255, 65:257, 66:261, 77:308, 78:311', 1, 'ToanAndTinB', '2025-03-09 15:24:17'),
(124, '1:1, 2:5, 3:9, 4:13, 5:17, 6:21, 7:25, 9:33, 11:41, 12:45, 14:53, 15:57, 70:277, 69:276, 68:270, 22:85, 24:93, 25:99, 30:118, 63:250, 64:255, 65:257, 66:261, 77:308, 78:311, 79:313', 1, 'ToanAndTinB', '2025-03-09 15:24:17'),
(125, '1:1, 2:5, 3:9, 4:13, 5:17, 6:21, 7:25, 9:33, 11:41, 12:45, 14:53, 15:57, 70:277, 69:276, 68:270, 22:85, 24:93, 25:99, 30:118, 63:250, 64:255, 65:257, 66:261, 77:308, 78:311, 79:313, 76:301', 1, 'ToanAndTinB', '2025-03-09 15:24:18'),
(126, '1:1, 2:5, 3:9, 4:13, 5:17, 6:21, 7:25, 9:33, 11:41, 12:45, 14:53, 15:57, 70:277, 69:276, 68:270, 22:85, 24:93, 25:99, 30:118, 63:250, 64:255, 65:257, 66:261, 77:308, 78:311, 79:313, 76:301, 90:358', 1, 'ToanAndTinB', '2025-03-09 15:24:20'),
(127, '1:1, 2:5, 3:9, 4:13, 5:17, 6:21, 7:25, 9:33, 11:41, 12:45, 14:53, 15:57, 70:277, 69:276, 68:270, 22:85, 24:93, 25:99, 30:118, 63:250, 64:255, 65:257, 66:261, 77:308, 78:311, 79:313, 76:301, 90:358, 88:349', 1, 'ToanAndTinB', '2025-03-09 15:24:20'),
(128, '1:1, 2:5, 3:9, 4:13, 5:17, 6:21, 7:25, 9:33, 11:41, 12:45, 14:53, 15:57, 70:277, 69:276, 68:270, 22:85, 24:93, 25:99, 30:118, 63:250, 64:255, 65:257, 66:261, 77:308, 78:311, 79:313, 76:301, 90:358, 88:349, 87:347', 1, 'ToanAndTinB', '2025-03-09 15:24:21'),
(129, '1:1, 2:5, 3:9, 4:13, 5:17, 6:21, 7:25, 9:33, 11:41, 12:45, 14:53, 15:57, 70:277, 69:276, 68:270, 22:85, 24:93, 25:99, 30:118, 63:250, 64:255, 65:257, 66:261, 77:308, 78:311, 79:313, 76:301, 90:358, 88:349, 87:347, 86:342', 1, 'ToanAndTinB', '2025-03-09 15:24:21'),
(130, '1:1, 2:5, 3:9, 4:13, 5:17, 6:21, 7:25, 9:33, 11:41, 12:45, 14:53, 15:57, 70:277, 69:276, 68:270, 22:85, 24:93, 25:99, 30:118, 63:250, 64:255, 65:257, 66:261, 77:308, 78:311, 79:313, 76:301, 90:358, 88:349, 87:347, 86:342, 84:335', 1, 'ToanAndTinB', '2025-03-09 15:24:24'),
(131, '1:1, 2:5, 3:9, 4:13, 5:17, 6:21, 7:25, 9:33, 11:41, 12:45, 14:53, 15:57, 70:277, 69:276, 68:270, 22:85, 24:93, 25:99, 30:118, 63:250, 64:255, 65:257, 66:261, 77:308, 78:311, 79:313, 76:301, 90:358, 88:349, 87:347, 86:342, 84:335, 74:293', 1, 'ToanAndTinB', '2025-03-09 15:24:25'),
(132, '1:1, 2:5, 3:9, 4:13, 5:17, 6:21, 7:25, 9:33, 11:41, 12:45, 14:53, 15:57, 70:277, 69:276, 68:270, 22:85, 24:93, 25:99, 30:118, 63:250, 64:255, 65:257, 66:261, 77:308, 78:311, 79:313, 76:301, 90:358, 88:349, 87:347, 86:342, 84:335, 74:293, 75:297', 1, 'ToanAndTinB', '2025-03-09 15:24:26'),
(133, '1:1, 2:5, 3:9, 4:13, 5:17, 6:21, 7:25, 9:33, 11:41, 12:45, 14:53, 15:57, 70:277, 69:276, 68:270, 22:85, 24:93, 25:99, 30:118, 63:250, 64:255, 65:257, 66:261, 77:308, 78:311, 79:313, 76:303, 90:358, 88:349, 87:347, 86:342, 84:335, 74:293, 75:297', 1, 'ToanAndTinB', '2025-03-09 15:24:26'),
(134, '1:1, 2:5, 3:9, 4:13, 5:17, 6:21, 7:25, 9:33, 11:41, 12:45, 14:53, 15:57, 70:277, 69:276, 68:270, 22:85, 24:93, 25:99, 30:118, 63:250, 64:255, 65:257, 66:261, 77:306, 78:311, 79:313, 76:303, 90:358, 88:349, 87:347, 86:342, 84:335, 74:293, 75:297', 1, 'ToanAndTinB', '2025-03-09 15:24:27'),
(135, '1:1, 2:5, 3:9, 4:13, 5:17, 6:21, 7:25, 9:33, 11:41, 12:45, 14:53, 15:57, 70:277, 69:276, 68:270, 22:85, 24:93, 25:99, 30:118, 63:250, 64:255, 65:257, 66:261, 77:306, 78:311, 79:313, 76:303, 90:358, 88:349, 87:347, 86:342, 84:335, 74:293, 75:297, 67:267', 1, 'ToanAndTinB', '2025-03-09 15:24:29'),
(136, '1:1, 2:5, 3:9, 4:13, 5:17, 6:21, 7:25, 9:33, 11:41, 12:45, 14:53, 15:57, 70:277, 69:276, 68:270, 22:85, 24:93, 25:99, 30:118, 63:250, 64:255, 65:257, 66:261, 77:306, 78:311, 79:313, 76:303, 90:358, 88:349, 87:347, 86:342, 84:335, 74:293, 75:297, 67:267, 71:284', 1, 'ToanAndTinB', '2025-03-09 15:24:31'),
(137, '1:1, 2:5, 3:9, 4:13, 5:17, 6:21, 7:25, 9:33, 11:41, 12:45, 14:53, 15:57, 70:277, 69:276, 68:270, 22:85, 24:93, 25:99, 30:118, 63:250, 64:255, 65:257, 66:261, 77:306, 78:311, 79:313, 76:303, 90:358, 88:349, 87:347, 86:342, 84:335, 74:293, 75:297, 67:267, 71:284, 72:286', 1, 'ToanAndTinB', '2025-03-09 15:24:31'),
(138, '1:1, 2:5, 3:9, 4:13, 5:17, 6:21, 7:25, 9:33, 11:41, 12:45, 14:53, 15:57, 70:277, 69:276, 68:270, 22:85, 24:93, 25:99, 30:118, 63:250, 64:255, 65:257, 66:261, 77:306, 78:311, 79:313, 76:303, 90:358, 88:349, 87:347, 86:342, 84:335, 74:293, 75:297, 67:267, 71:284, 72:286, 73:291', 1, 'ToanAndTinB', '2025-03-09 15:24:33'),
(139, '1:1, 2:5, 3:9, 4:13, 5:17, 6:21, 7:25, 9:33, 11:41, 12:45, 14:53, 15:57, 70:277, 69:276, 68:270, 22:85, 24:93, 25:99, 30:118, 63:250, 64:255, 65:257, 66:261, 77:306, 78:311, 79:313, 76:303, 90:358, 88:349, 87:347, 86:342, 84:335, 74:293, 75:297, 67:267, 71:284, 72:286, 73:291, 19:76', 1, 'ToanAndTinB', '2025-03-09 15:24:35'),
(140, 'confirm', 1, 'ToanAndTinB', '2025-03-09 15:24:36');

-- --------------------------------------------------------

--
-- Table structure for table `questions`
--

CREATE TABLE `questions` (
  `qID` int(11) NOT NULL,
  `qContent` text NOT NULL COMMENT 'nội dung câu hỏi',
  `qPictures` text NOT NULL COMMENT 'url hình đính kèm',
  `qTopicID` int(11) NOT NULL,
  `qLevel` varchar(10) NOT NULL COMMENT 'easy, meidum, diff',
  `qStatus` tinyint(4) NOT NULL DEFAULT 1
) ENGINE=InnoDB DEFAULT CHARSET=utf8mb4 COLLATE=utf8mb4_unicode_ci;

--
-- Dumping data for table `questions`
--

INSERT INTO `questions` (`qID`, `qContent`, `qPictures`, `qTopicID`, `qLevel`, `qStatus`) VALUES
(1, '1 + 1 bằng bao nhiêu?', '', 1, 'Dễ', 1),
(2, '2 + 3 bằng bao nhiêu?', '', 1, 'Dễ', 1),
(3, '5 - 2 bằng bao nhiêu?', '', 1, 'Dễ', 1),
(4, '3 x 2 bằng bao nhiêu?', '', 1, 'Dễ', 1),
(5, '10 : 2 bằng bao nhiêu?', '', 1, 'Dễ', 1),
(6, '4 + 5 bằng bao nhiêu?', '', 1, 'Dễ', 1),
(7, '7 - 3 bằng bao nhiêu?', '', 1, 'Dễ', 1),
(8, '6 x 1 bằng bao nhiêu?', '', 1, 'Dễ', 1),
(9, '8 - 4 bằng bao nhiêu?', '', 1, 'Dễ', 1),
(10, '9 + 1 bằng bao nhiêu?', '', 1, 'Dễ', 1),
(11, '2 x 4 bằng bao nhiêu?', '', 1, 'Dễ', 1),
(12, '15 - 5 bằng bao nhiêu?', '', 1, 'Dễ', 1),
(13, '3 + 6 bằng bao nhiêu?', '', 1, 'Dễ', 1),
(14, '12 : 3 bằng bao nhiêu?', '', 1, 'Dễ', 1),
(15, '5 + 4 bằng bao nhiêu?', '', 1, 'Dễ', 1),
(16, 'Giải phương trình: x + 5 = 10', '', 1, 'Vừa', 1),
(17, 'Tính diện tích hình tròn bán kính 3cm', '', 1, 'Vừa', 1),
(18, 'Tìm x: 2x - 4 = 8', '', 1, 'Vừa', 1),
(19, 'Tính chu vi hình vuông cạnh 5cm', '', 1, 'Vừa', 1),
(20, 'Giải: 3x = 15', '', 1, 'Vừa', 1),
(21, 'Tính 15% của 200', '', 1, 'Vừa', 1),
(22, 'Tìm x: x/2 + 3 = 7', '', 1, 'Vừa', 1),
(23, 'Tính diện tích tam giác: đáy 6cm, cao 4cm', '', 1, 'Vừa', 1),
(24, 'Giải: 4x - 10 = 6', '', 1, 'Vừa', 1),
(25, 'Tính chu vi hình chữ nhật: dài 8cm, rộng 5cm', '', 1, 'Vừa', 1),
(26, 'Giải hệ phương trình: 2x + y = 5; x - y = 1', '', 1, 'Khó', 1),
(27, 'Tính đạo hàm của f(x) = x^2 + 3x', '', 1, 'Khó', 1),
(28, 'Giải: x^2 - 5x + 6 = 0', '', 1, 'Khó', 1),
(29, 'Tính tích phân ∫(2x + 1)dx từ 0 đến 2', '', 1, 'Khó', 1),
(30, 'Tìm nghiệm của: 3x^2 - 12 = 0', '', 1, 'Khó', 1),
(31, 'Đơn vị của lực là gì?', '', 2, 'Dễ', 1),
(32, 'Công thức tính vận tốc là gì?', '', 2, 'Dễ', 1),
(33, 'Trọng lực tác động thế nào lên vật?', '', 2, 'Dễ', 1),
(34, 'Đơn vị của công là gì?', '', 2, 'Dễ', 1),
(35, '1N bằng bao nhiêu kg.m/s^2?', '', 2, 'Dễ', 1),
(36, 'Công thức tính gia tốc là gì?', '', 2, 'Dễ', 1),
(37, 'Định luật I Newton nói gì?', '', 2, 'Dễ', 1),
(38, 'Áp suất là gì?', '', 2, 'Dễ', 1),
(39, 'Đơn vị của năng lượng là gì?', '', 2, 'Dễ', 1),
(40, 'Vật rơi tự do có gia tốc bao nhiêu?', '', 2, 'Dễ', 1),
(41, 'Công thức tính lực là gì?', '', 2, 'Dễ', 1),
(42, 'Định luật II Newton là gì?', '', 2, 'Dễ', 1),
(43, 'Tần số được đo bằng đơn vị gì?', '', 2, 'Dễ', 1),
(44, 'Chu kỳ là gì?', '', 2, 'Dễ', 1),
(45, 'Đơn vị của khối lượng là gì?', '', 2, 'Dễ', 1),
(46, 'Tính vận tốc vật đi 100m trong 20s', '', 2, 'Vừa', 1),
(47, 'Tính công khi lực 50N dịch chuyển 2m', '', 2, 'Vừa', 1),
(48, 'Tính gia tốc của vật 2kg chịu lực 10N', '', 2, 'Vừa', 1),
(49, 'Tính áp suất của lực 200N trên diện tích 4m^2', '', 2, 'Vừa', 1),
(50, 'Tính quãng đường vật đi với v = 5m/s trong 10s', '', 2, 'Vừa', 1),
(51, 'Tính lực tác dụng lên vật 5kg, gia tốc 3m/s^2', '', 2, 'Vừa', 1),
(52, 'Tính năng lượng động của vật 2kg, v = 4m/s', '', 2, 'Vừa', 1),
(53, 'Tính tần số dao động với chu kỳ 0.5s', '', 2, 'Vừa', 1),
(54, 'Tính công suất khi công 100J thực hiện trong 5s', '', 2, 'Vừa', 1),
(55, 'Tính vận tốc góc với tần số 2Hz', '', 2, 'Vừa', 1),
(56, 'Tính vận tốc cuối của vật rơi tự do từ độ cao 20m', '', 2, 'Khó', 1),
(57, 'Tính lực căng dây khi vật 5kg treo đứng yên', '', 2, 'Khó', 1),
(58, 'Tính công của lực ma sát trên đoạn đường 10m, lực 15N', '', 2, 'Khó', 1),
(59, 'Tính năng lượng toàn phần của con lắc lò xo', '', 2, 'Khó', 1),
(60, 'Tính gia tốc của hệ 2 vật qua ròng rọc', '', 2, 'Khó', 1),
(61, 'HTML là viết tắt của gì?', '', 4, 'Dễ', 1),
(62, 'CSS dùng để làm gì?', '', 4, 'Dễ', 1),
(63, 'Ngôn ngữ nào dùng để lập trình web động?', '', 4, 'Dễ', 1),
(64, 'Thẻ <p> trong HTML dùng để làm gì?', '', 4, 'Dễ', 1),
(65, 'Câu lệnh in trong Python là gì?', '', 4, 'Dễ', 1),
(66, 'SQL là gì?', '', 4, 'Dễ', 1),
(67, 'Thẻ <h1> có ý nghĩa gì?', '', 4, 'Dễ', 1),
(68, 'Biến trong lập trình là gì?', '', 4, 'Dễ', 1),
(69, 'Câu lệnh điều kiện trong Python là gì?', '', 4, 'Dễ', 1),
(70, 'Thẻ <img> dùng để làm gì?', '', 4, 'Dễ', 1),
(71, 'CSS viết tắt của gì?', '', 4, 'Dễ', 1),
(72, 'Ngôn ngữ lập trình nào phổ biến nhất?', '', 4, 'Dễ', 1),
(73, 'Thẻ <a> dùng để làm gì?', '', 4, 'Dễ', 1),
(74, 'Python là ngôn ngữ cấp cao hay thấp?', '', 4, 'Dễ', 1),
(75, 'Thư viện nào dùng để vẽ đồ thị trong Python?', '', 4, 'Dễ', 1),
(76, 'Viết hàm tính tổng 2 số trong Python', '', 4, 'Vừa', 1),
(77, 'Cách khai báo mảng trong JavaScript?', '', 4, 'Vừa', 1),
(78, 'Câu lệnh SQL để chọn tất cả dữ liệu?', '', 4, 'Vừa', 1),
(79, 'Hàm nào dùng để nối chuỗi trong Python?', '', 4, 'Vừa', 1),
(80, 'Cách tạo class trong Python?', '', 4, 'Vừa', 1),
(81, 'Thẻ HTML nào dùng để tạo bảng?', '', 4, 'Vừa', 1),
(82, 'Câu lệnh lặp for trong JavaScript?', '', 4, 'Vừa', 1),
(83, 'Cách thêm CSS vào HTML?', '', 4, 'Vừa', 1),
(84, 'Hàm nào dùng để lấy độ dài chuỗi trong Python?', '', 4, 'Vừa', 1),
(85, 'Câu lệnh SQL để thêm dữ liệu?', '', 4, 'Vừa', 1),
(86, 'Viết thuật toán sắp xếp nhanh (Quick Sort)', '', 4, 'Khó', 1),
(87, 'Giải thích cách hoạt động của HTTP', '', 4, 'Khó', 1),
(88, 'Viết truy vấn SQL với JOIN 3 bảng', '', 4, 'Khó', 1),
(89, 'Cấu trúc dữ liệu nào tối ưu cho tìm kiếm?', '', 4, 'Khó', 1),
(90, 'Giải thích nguyên lý của Blockchain', '', 4, 'Khó', 1),
(91, 'Đơn vị của điện áp là gì?', '', 5, 'Dễ', 1),
(92, 'Dòng điện là gì?', '', 5, 'Dễ', 1),
(93, 'Công thức tính điện trở là gì?', '', 5, 'Dễ', 1),
(94, 'Đơn vị của công suất là gì?', '', 5, 'Dễ', 1),
(95, 'Dụng cụ nào đo điện áp?', '', 5, 'Dễ', 1),
(96, 'Ohm là đơn vị của gì?', '', 5, 'Dễ', 1),
(97, 'Công thức tính dòng điện là gì?', '', 5, 'Dễ', 1),
(98, 'Điện trở có tác dụng gì?', '', 5, 'Dễ', 1),
(99, 'Dụng cụ nào đo dòng điện?', '', 5, 'Dễ', 1),
(100, 'Công suất được tính thế nào?', '', 5, 'Dễ', 1),
(101, 'Định luật Ohm là gì?', '', 5, 'Dễ', 1),
(102, 'Tụ điện dùng để làm gì?', '', 5, 'Dễ', 1),
(103, 'Dòng điện xoay chiều là gì?', '', 5, 'Dễ', 1),
(104, 'Transistor là gì?', '', 5, 'Dễ', 1),
(105, 'Điện áp được đo bằng gì?', '', 5, 'Dễ', 1),
(106, 'Tính điện trở với U = 12V, I = 2A', '', 5, 'Vừa', 1),
(107, 'Tính công suất với U = 220V, I = 0.5A', '', 5, 'Vừa', 1),
(108, 'Tính dòng điện với R = 10Ω, U = 50V', '', 5, 'Vừa', 1),
(109, 'Tính điện áp với P = 100W, I = 2A', '', 5, 'Vừa', 1),
(110, 'Tính điện trở tổng của 2 điện trở 5Ω song song', '', 5, 'Vừa', 1),
(111, 'Tính công suất tiêu thụ của mạch U = 24V, R = 8Ω', '', 5, 'Vừa', 1),
(112, 'Tính dòng điện qua mạch với 3 điện trở 6Ω nối tiếp, U = 18V', '', 5, 'Vừa', 1),
(113, 'Tính điện áp rơi trên điện trở 4Ω trong mạch I = 3A', '', 5, 'Vừa', 1),
(114, 'Tính công suất tỏa nhiệt của điện trở 10Ω, I = 2A', '', 5, 'Vừa', 1),
(115, 'Tính điện trở tương đương của mạch 3Ω và 6Ω song song', '', 5, 'Vừa', 1),
(116, 'Tính điện trở tương đương của mạch phức hợp', '', 5, 'Khó', 1),
(117, 'Phân tích mạch cầu Wheatstone', '', 5, 'Khó', 1),
(118, 'Tính công suất trong mạch xoay chiều với cosφ = 0.8', '', 5, 'Khó', 1),
(119, 'Tính dòng điện qua tụ điện trong mạch AC', '', 5, 'Khó', 1),
(120, 'Phân tích hoạt động của mạch khuếch đại transistor', '', 5, 'Khó', 1),
(121, 'Thuật toán là gì?', '', 6, 'Dễ', 1),
(122, 'Độ phức tạp thời gian được ký hiệu thế nào?', '', 6, 'Dễ', 1),
(123, 'Cấu trúc dữ liệu nào lưu trữ theo thứ tự?', '', 6, 'Dễ', 1),
(124, 'Vòng lặp trong thuật toán dùng để làm gì?', '', 6, 'Dễ', 1),
(125, 'Hàm trong lập trình là gì?', '', 6, 'Dễ', 1),
(126, 'Thuật toán tìm kiếm tuyến tính là gì?', '', 6, 'Dễ', 1),
(127, 'Sắp xếp nổi bọt hoạt động thế nào?', '', 6, 'Dễ', 1),
(128, 'Cấu trúc dữ liệu hàng đợi là gì?', '', 6, 'Dễ', 1),
(129, 'Độ phức tạp O(1) nghĩa là gì?', '', 6, 'Dễ', 1),
(130, 'Cấu trúc dữ liệu nào dùng LIFO?', '', 6, 'Dễ', 1),
(131, 'Thuật toán tìm kiếm nhị phân yêu cầu gì?', '', 6, 'Dễ', 1),
(132, 'Đệ quy trong lập trình là gì?', '', 6, 'Dễ', 1),
(133, 'Cấu trúc dữ liệu cây là gì?', '', 6, 'Dễ', 1),
(134, 'Thuật toán sắp xếp chọn hoạt động ra sao?', '', 6, 'Dễ', 1),
(135, 'Độ phức tạp O(n) nghĩa là gì?', '', 6, 'Dễ', 1),
(136, 'Viết thuật toán tìm số lớn nhất trong mảng', '', 6, 'Vừa', 1),
(137, 'Tính độ phức tạp của thuật toán lặp n lần', '', 6, 'Vừa', 1),
(138, 'Viết thuật toán đảo ngược mảng', '', 6, 'Vừa', 1),
(139, 'Tính độ phức tạp của tìm kiếm nhị phân', '', 6, 'Vừa', 1),
(140, 'Viết thuật toán kiểm tra số nguyên tố', '', 6, 'Vừa', 1),
(141, 'Giải thích thuật toán sắp xếp chèn', '', 6, 'Vừa', 1),
(142, 'Viết thuật toán tính tổng các số trong mảng', '', 6, 'Vừa', 1),
(143, 'Tính độ phức tạp của sắp xếp nổi bọt', '', 6, 'Vừa', 1),
(144, 'Viết thuật toán tìm kiếm tuyến tính', '', 6, 'Vừa', 1),
(145, 'Giải thích cách hoạt động của hàng đợi', '', 6, 'Vừa', 1),
(146, 'Viết thuật toán sắp xếp nhanh (Quick Sort)', '', 6, 'Khó', 1),
(147, 'Phân tích độ phức tạp của thuật toán đệ quy', '', 6, 'Khó', 1),
(148, 'Viết thuật toán tìm đường đi ngắn nhất Dijkstra', '', 6, 'Khó', 1),
(149, 'Giải thích thuật toán cây nhị phân tìm kiếm', '', 6, 'Khó', 1),
(150, 'Viết thuật toán mã hóa Huffman', '', 6, 'Khó', 1);

-- --------------------------------------------------------

--
-- Table structure for table `result`
--

CREATE TABLE `result` (
  `rs_num` int(11) NOT NULL,
  `userID` int(11) NOT NULL,
  `exCode` varchar(20) NOT NULL,
  `rs_anwsers` text CHARACTER SET utf8mb4 COLLATE utf8mb4_bin NOT NULL COMMENT 'các đáp án đã chọn',
  `rs_mark` decimal(10,2) DEFAULT NULL,
  `rs_date` datetime NOT NULL
) ENGINE=InnoDB DEFAULT CHARSET=utf8mb4 COLLATE=utf8mb4_unicode_ci;

--
-- Dumping data for table `result`
--

INSERT INTO `result` (`rs_num`, `userID`, `exCode`, `rs_anwsers`, `rs_mark`, `rs_date`) VALUES
(2, 1, 'ToanAndTinA', '1:1, 2:5, 3:9, 4:13, 5:17, 6:21, 8:29, 9:33, 11:41, 13:52, 12:46, 14:54, 17:68, 23:92, 16:61, 27:106, 71:281, 73:289, 70:277, 81:322, 83:329, 79:313, 88:349, 89:353, 86:341, 65:257, 66:261, 67:265, 68:269, 84:333, 77:305, 76:301, 90:358, 69:274, 78:309, 15:57, 10:38, 63:250, 61:241, 64:253', 7.25, '2025-03-09 15:19:54'),
(3, 1, 'ToanAndTinB', '1:1, 2:5, 3:9, 4:13, 5:17, 6:21, 7:25, 9:33, 11:41, 12:45, 14:53, 15:57, 70:277, 69:276, 68:270, 22:85, 24:93, 25:99, 30:118, 63:250, 64:255, 65:257, 66:261, 77:306, 78:311, 79:313, 76:303, 90:358, 88:349, 87:347, 86:342, 84:335, 74:293, 75:297, 67:267, 71:284, 72:286, 73:291, 19:76, 18:72', 5.25, '2025-03-09 15:24:38');

-- --------------------------------------------------------

--
-- Table structure for table `test`
--

CREATE TABLE `test` (
  `testID` int(11) NOT NULL,
  `testCode` varchar(20) NOT NULL COMMENT 'mã bài thi',
  `testTitle` text NOT NULL,
  `testTime` int(11) NOT NULL COMMENT 'thời gian làm bài (phút)',
  `tpID` int(11) NOT NULL COMMENT 'id của chủ đề/bài học',
  `num_easy` int(11) NOT NULL COMMENT 'số lượng câu dễ',
  `num_medium` int(11) NOT NULL COMMENT 'số lượng câu trung bình',
  `num_diff` int(11) NOT NULL COMMENT 'số lượng câu khó',
  `testLimit` tinyint(4) NOT NULL COMMENT 'số lần thi',
  `testDate` date NOT NULL,
  `testStatus` int(11) NOT NULL
) ENGINE=InnoDB DEFAULT CHARSET=utf8mb4 COLLATE=utf8mb4_unicode_ci;

--
-- Dumping data for table `test`
--

INSERT INTO `test` (`testID`, `testCode`, `testTitle`, `testTime`, `tpID`, `num_easy`, `num_medium`, `num_diff`, `testLimit`, `testDate`, `testStatus`) VALUES
(12, 'ToanAndTin', 'Bài thi tổ hợp toán tin', 60, 1, 10, 5, 3, 5, '2025-03-09', 1),
(13, 'ToanAndTin', 'Bài thi tổ hợp toán tin', 60, 4, 15, 5, 2, 5, '2025-03-09', 1),
(14, 'OnlyTin', 'Bài thi tin học', 60, 4, 10, 10, 5, 10, '2025-03-09', 1),
(15, 'OnlyToan1', 'Bai thi toán số 1', 30, 1, 5, 5, 0, 2, '2025-03-09', 1),
(16, 'OnlyToan2', 'Bài thi toán số 2', 60, 1, 15, 10, 5, 5, '2025-03-09', 1);

-- --------------------------------------------------------

--
-- Table structure for table `topics`
--

CREATE TABLE `topics` (
  `tpID` int(11) NOT NULL,
  `tpTitle` text NOT NULL COMMENT 'tên topic',
  `tpParent` int(11) NOT NULL COMMENT 'id của topic cha',
  `tpStatus` tinyint(4) NOT NULL COMMENT '1: active; 0: hidden'
) ENGINE=InnoDB DEFAULT CHARSET=utf8mb4 COLLATE=utf8mb4_unicode_ci;

--
-- Dumping data for table `topics`
--

INSERT INTO `topics` (`tpID`, `tpTitle`, `tpParent`, `tpStatus`) VALUES
(1, 'Toán', 0, 1),
(2, 'Lý', 0, 1),
(3, 'Hóa', 0, 0),
(4, 'CNTT', 0, 1),
(5, 'Kỹ thuật', 4, 1),
(6, 'Giải thuật', 4, 1);

-- --------------------------------------------------------

--
-- Table structure for table `users`
--

CREATE TABLE `users` (
  `userID` int(11) NOT NULL,
  `userName` varchar(40) NOT NULL COMMENT 'login = userName',
  `userEmail` varchar(20) NOT NULL,
  `userPassword` varchar(40) NOT NULL COMMENT 'mã hóa dùng md5',
  `userFullName` varchar(40) NOT NULL,
  `isAdmin` tinyint(4) NOT NULL COMMENT '1: admin; 0: user',
  `trangThai` tinyint(1) NOT NULL DEFAULT 1 COMMENT '1: active, 0: inactive'
) ENGINE=InnoDB DEFAULT CHARSET=utf8mb4 COLLATE=utf8mb4_unicode_ci;

--
-- Dumping data for table `users`
--

INSERT INTO `users` (`userID`, `userName`, `userEmail`, `userPassword`, `userFullName`, `isAdmin`, `trangThai`) VALUES
(1, 'admin', 'admin@gmail.com', '123456', 'Administrator', 1, 1),
(2, 'user1', 'user1@example.com', '11111111', 'User One', 0, 1),
(3, 'user2', 'user2@example.com', '11111111', 'assdasd', 0, 1),
(101, 'Nguyen Van A', 'a@example.com', '123123', 'aaaa', 0, 1),
(102, 'Tran Thi B', 'b@example.com', '123123', 'bbbb', 0, 1),
(103, 'Le Van C', 'c@example.com', '123123', 'cccc', 0, 1);

--
-- Indexes for dumped tables
--

--
-- Indexes for table `answers`
--
ALTER TABLE `answers`
  ADD PRIMARY KEY (`awID`),
  ADD KEY `qID` (`qID`);

--
-- Indexes for table `exams`
--
ALTER TABLE `exams`
  ADD PRIMARY KEY (`exCode`) USING BTREE,
  ADD KEY `testCode` (`testCode`),
  ADD KEY `exCode` (`exCode`);

--
-- Indexes for table `logs`
--
ALTER TABLE `logs`
  ADD PRIMARY KEY (`logID`),
  ADD KEY `logUserID` (`logUserID`);

--
-- Indexes for table `questions`
--
ALTER TABLE `questions`
  ADD PRIMARY KEY (`qID`),
  ADD KEY `qTopicID` (`qTopicID`);

--
-- Indexes for table `result`
--
ALTER TABLE `result`
  ADD PRIMARY KEY (`rs_num`) USING BTREE,
  ADD KEY `userID` (`userID`),
  ADD KEY `exID` (`exCode`),
  ADD KEY `exCode` (`exCode`);

--
-- Indexes for table `test`
--
ALTER TABLE `test`
  ADD PRIMARY KEY (`testID`,`tpID`) USING BTREE,
  ADD KEY `tpID` (`tpID`);

--
-- Indexes for table `topics`
--
ALTER TABLE `topics`
  ADD PRIMARY KEY (`tpID`);

--
-- Indexes for table `users`
--
ALTER TABLE `users`
  ADD PRIMARY KEY (`userID`);

--
-- AUTO_INCREMENT for dumped tables
--

--
-- AUTO_INCREMENT for table `answers`
--
ALTER TABLE `answers`
  MODIFY `awID` int(11) NOT NULL AUTO_INCREMENT, AUTO_INCREMENT=601;

--
-- AUTO_INCREMENT for table `logs`
--
ALTER TABLE `logs`
  MODIFY `logID` int(11) NOT NULL AUTO_INCREMENT, AUTO_INCREMENT=141;

--
-- AUTO_INCREMENT for table `questions`
--
ALTER TABLE `questions`
  MODIFY `qID` int(11) NOT NULL AUTO_INCREMENT, AUTO_INCREMENT=151;

--
-- AUTO_INCREMENT for table `result`
--
ALTER TABLE `result`
  MODIFY `rs_num` int(11) NOT NULL AUTO_INCREMENT, AUTO_INCREMENT=4;

--
-- AUTO_INCREMENT for table `test`
--
ALTER TABLE `test`
  MODIFY `testID` int(11) NOT NULL AUTO_INCREMENT, AUTO_INCREMENT=17;

--
-- AUTO_INCREMENT for table `topics`
--
ALTER TABLE `topics`
  MODIFY `tpID` int(11) NOT NULL AUTO_INCREMENT, AUTO_INCREMENT=9;

--
-- AUTO_INCREMENT for table `users`
--
ALTER TABLE `users`
  MODIFY `userID` int(11) NOT NULL AUTO_INCREMENT, AUTO_INCREMENT=104;
COMMIT;

/*!40101 SET CHARACTER_SET_CLIENT=@OLD_CHARACTER_SET_CLIENT */;
/*!40101 SET CHARACTER_SET_RESULTS=@OLD_CHARACTER_SET_RESULTS */;
/*!40101 SET COLLATION_CONNECTION=@OLD_COLLATION_CONNECTION */;
